"iso3","year","monetary_poverty","extreme_poverty","poverty_gap","poverty_lag1"
"ARG","1960","","","",""
"ARG","1961","","","",""
"ARG","1962","","","",""
"ARG","1963","","","",""
"ARG","1964","","","",""
"ARG","1965","","","",""
"ARG","1966","","","",""
"ARG","1967","","","",""
"ARG","1968","","","",""
"ARG","1969","","","",""
"ARG","1970","","","",""
"ARG","1971","","","",""
"ARG","1972","","","",""
"ARG","1973","","","",""
"ARG","1974","","","",""
"ARG","1975","","","",""
"ARG","1976","","","",""
"ARG","1977","","","",""
"ARG","1978","","","",""
"ARG","1979","","","",""
"ARG","1980","7.5","0.0","1.6",""
"ARG","1981","","","","7.5"
"ARG","1982","","","",""
"ARG","1983","","","",""
"ARG","1984","","","",""
"ARG","1985","","","",""
"ARG","1986","6.0","1.3","2.4",""
"ARG","1987","9.6","1.5","3.4","6.0"
"ARG","1988","","","","9.6"
"ARG","1989","","","",""
"ARG","1990","","","",""
"ARG","1991","17.3","1.3","5.7",""
"ARG","1992","17.9","2.5","6.1","17.3"
"ARG","1993","17.4","2.9","6.6","17.9"
"ARG","1994","18.5","2.7","6.8","17.4"
"ARG","1995","24.0","5.1","9.4","18.5"
"ARG","1996","25.8","5.4","10.5","24.0"
"ARG","1997","24.8","5.2","9.8","25.8"
"ARG","1998","27.0","5.7","10.9","24.8"
"ARG","1999","28.0","5.9","11.2","27.0"
"ARG","2000","30.9","7.3","12.9","28.0"
"ARG","2001","34.3","10.7","16.6","30.9"
"ARG","2002","49.1","17.1","24.2","34.3"
"ARG","2003","33.1","8.2","14.4","49.1"
"ARG","2004","28.6","6.0","11.7","33.1"
"ARG","2005","24.5","4.4","9.5","28.6"
"ARG","2006","19.9","3.5","7.6","24.5"
"ARG","2007","18.9","2.8","6.7","19.9"
"ARG","2008","16.7","2.6","6.2","18.9"
"ARG","2009","15.2","2.4","5.5","16.7"
"ARG","2010","13.6","1.5","4.6","15.2"
"ARG","2011","11.3","1.2","3.5","13.6"
"ARG","2012","10.3","1.3","3.5","11.3"
"ARG","2013","10.4","1.1","3.3","10.3"
"ARG","2014","11.7","1.1","3.7","10.4"
"ARG","2015","1.8","0.9","","11.7"
"ARG","2016","11.5","1.3","3.7","1.8"
"ARG","2017","9.8","1.1","3.3","11.5"
"ARG","2018","12.5","1.6","4.2","9.8"
"ARG","2019","14.9","1.7","5.0","12.5"
"ARG","2020","18.3","2.2","6.2","14.9"
"ARG","2021","14.2","1.4","4.6","18.3"
"ARG","2022","13.9","1.3","4.2","14.2"
"ARG","2023","16.4","1.2","5.0","13.9"
"ARG","2024","15.2","1.0","4.4","16.4"
"ARG","2025","","","","15.2"
"BHS","1953","","","",""
"BHS","1960","","","",""
"BHS","1961","","","",""
"BHS","1962","","","",""
"BHS","1963","","","",""
"BHS","1964","","","",""
"BHS","1965","","","",""
"BHS","1966","","","",""
"BHS","1967","","","",""
"BHS","1968","","","",""
"BHS","1969","","","",""
"BHS","1970","","","",""
"BHS","1971","","","",""
"BHS","1972","","","",""
"BHS","1973","","","",""
"BHS","1974","","","",""
"BHS","1975","","","",""
"BHS","1976","","","",""
"BHS","1977","","","",""
"BHS","1978","","","",""
"BHS","1979","","","",""
"BHS","1980","","","",""
"BHS","1981","","","",""
"BHS","1982","","","",""
"BHS","1983","","","",""
"BHS","1984","","","",""
"BHS","1985","","","",""
"BHS","1986","","","",""
"BHS","1987","","","",""
"BHS","1988","","","",""
"BHS","1989","","","",""
"BHS","1990","","","",""
"BHS","1991","","","",""
"BHS","1992","","","",""
"BHS","1993","","","",""
"BHS","1994","","","",""
"BHS","1995","","","",""
"BHS","1996","","","",""
"BHS","1997","","","",""
"BHS","1998","","","",""
"BHS","1999","","","",""
"BHS","2000","","","",""
"BHS","2001","","","",""
"BHS","2002","","","",""
"BHS","2003","","","",""
"BHS","2004","","","",""
"BHS","2005","","","",""
"BHS","2006","","","",""
"BHS","2007","","","",""
"BHS","2008","","","",""
"BHS","2009","","","",""
"BHS","2010","","","",""
"BHS","2011","","","",""
"BHS","2012","","","",""
"BHS","2013","","","",""
"BHS","2014","","","",""
"BHS","2015","","","",""
"BHS","2016","","","",""
"BHS","2017","","","",""
"BHS","2018","","","",""
"BHS","2019","","","",""
"BHS","2020","","","",""
"BHS","2021","","","",""
"BHS","2022","","","",""
"BHS","2023","","","",""
"BHS","2024","","","",""
"BHS","2025","","","",""
"BLZ","1960","","","",""
"BLZ","1961","","","",""
"BLZ","1962","","","",""
"BLZ","1963","","","",""
"BLZ","1964","","","",""
"BLZ","1965","","","",""
"BLZ","1966","","","",""
"BLZ","1967","","","",""
"BLZ","1968","","","",""
"BLZ","1969","","","",""
"BLZ","1970","","","",""
"BLZ","1971","","","",""
"BLZ","1972","","","",""
"BLZ","1973","","","",""
"BLZ","1974","","","",""
"BLZ","1975","","","",""
"BLZ","1976","","","",""
"BLZ","1977","","","",""
"BLZ","1978","","","",""
"BLZ","1979","","","",""
"BLZ","1980","","","",""
"BLZ","1981","","","",""
"BLZ","1982","","","",""
"BLZ","1983","","","",""
"BLZ","1984","","","",""
"BLZ","1985","","","",""
"BLZ","1986","","","",""
"BLZ","1987","","","",""
"BLZ","1988","","","",""
"BLZ","1989","","","",""
"BLZ","1990","","","",""
"BLZ","1991","","","",""
"BLZ","1992","","","",""
"BLZ","1993","61.5","18.0","29.9",""
"BLZ","1994","65.2","18.1","31.2","61.5"
"BLZ","1995","48.0","18.4","25.2","65.2"
"BLZ","1996","70.5","23.3","35.3","48.0"
"BLZ","1997","70.0","26.0","36.9","70.5"
"BLZ","1998","68.6","26.1","36.1","70.0"
"BLZ","1999","66.7","22.5","34.4","68.6"
"BLZ","2000","","","","66.7"
"BLZ","2001","","","",""
"BLZ","2002","","","",""
"BLZ","2003","","","",""
"BLZ","2004","","","",""
"BLZ","2005","","","",""
"BLZ","2006","","","",""
"BLZ","2007","","","",""
"BLZ","2008","","","",""
"BLZ","2009","","","",""
"BLZ","2010","","","",""
"BLZ","2011","","","",""
"BLZ","2012","","","",""
"BLZ","2013","","","",""
"BLZ","2014","","","",""
"BLZ","2015","","","",""
"BLZ","2016","","","",""
"BLZ","2017","","","",""
"BLZ","2018","19.7","1.0","6.0",""
"BLZ","2019","","","","19.7"
"BLZ","2020","","","",""
"BLZ","2021","","","",""
"BLZ","2022","","","",""
"BLZ","2023","","","",""
"BLZ","2024","","","",""
"BLZ","2025","","","",""
"BOL","1950","","","",""
"BOL","1960","","","",""
"BOL","1961","","","",""
"BOL","1962","","","",""
"BOL","1963","","","",""
"BOL","1964","","","",""
"BOL","1965","","","",""
"BOL","1966","","","",""
"BOL","1967","","","",""
"BOL","1968","","","",""
"BOL","1969","","","",""
"BOL","1970","","","",""
"BOL","1971","","","",""
"BOL","1972","","","",""
"BOL","1973","","","",""
"BOL","1974","","","",""
"BOL","1975","","","",""
"BOL","1976","","","",""
"BOL","1977","","","",""
"BOL","1978","","","",""
"BOL","1979","","","",""
"BOL","1980","","","",""
"BOL","1981","","","",""
"BOL","1982","","","",""
"BOL","1983","","","",""
"BOL","1984","","","",""
"BOL","1985","","","",""
"BOL","1986","","","",""
"BOL","1987","","","",""
"BOL","1988","","","",""
"BOL","1989","","","",""
"BOL","1990","45.7","5.8","17.3",""
"BOL","1991","","","","45.7"
"BOL","1992","61.4","13.8","27.4",""
"BOL","1993","","","","61.4"
"BOL","1994","","","",""
"BOL","1995","","","",""
"BOL","1996","","","",""
"BOL","1997","49.8","18.6","25.5",""
"BOL","1998","","","","49.8"
"BOL","1999","52.5","24.6","30.8",""
"BOL","2000","58.8","28.3","34.3","52.5"
"BOL","2001","54.2","22.3","29.3","58.8"
"BOL","2002","56.4","23.9","30.8","54.2"
"BOL","2003","2.0","2.8","","56.4"
"BOL","2004","49.3","13.2","22.4","2.0"
"BOL","2005","49.5","18.7","25.6","49.3"
"BOL","2006","44.6","15.9","22.5","49.5"
"BOL","2007","42.7","12.1","20.5","44.6"
"BOL","2008","36.6","10.6","16.5","42.7"
"BOL","2009","31.9","10.0","14.6","36.6"
"BOL","2010","1.5","2.1","","31.9"
"BOL","2011","25.3","6.9","11.2","1.5"
"BOL","2012","25.9","7.9","11.8","25.3"
"BOL","2013","23.6","6.8","10.3","25.9"
"BOL","2014","22.6","5.6","9.6","23.6"
"BOL","2015","23.0","6.2","9.7","22.6"
"BOL","2016","23.7","7.2","10.7","23.0"
"BOL","2017","23.1","6.4","10.0","23.7"
"BOL","2018","21.3","4.7","8.6","23.1"
"BOL","2019","17.8","3.1","6.5","21.3"
"BOL","2020","19.5","4.2","7.4","17.8"
"BOL","2021","17.1","3.1","6.1","19.5"
"BOL","2022","18.5","3.3","6.6","17.1"
"BOL","2023","16.5","2.8","5.8","18.5"
"BOL","2024","17.4","2.1","5.8","16.5"
"BOL","2025","","","","17.4"
"BRA","1960","","","",""
"BRA","1961","","","",""
"BRA","1962","","","",""
"BRA","1963","","","",""
"BRA","1964","","","",""
"BRA","1965","","","",""
"BRA","1966","","","",""
"BRA","1967","","","",""
"BRA","1968","","","",""
"BRA","1969","","","",""
"BRA","1970","","","",""
"BRA","1971","","","",""
"BRA","1972","","","",""
"BRA","1973","","","",""
"BRA","1974","","","",""
"BRA","1975","","","",""
"BRA","1976","","","",""
"BRA","1977","","","",""
"BRA","1978","","","",""
"BRA","1979","","","",""
"BRA","1980","","","",""
"BRA","1981","68.9","30.7","38.6",""
"BRA","1982","68.4","31.0","38.5","68.9"
"BRA","1983","73.9","37.7","44.1","68.4"
"BRA","1984","74.0","36.9","43.8","73.9"
"BRA","1985","70.0","32.4","39.9","74.0"
"BRA","1986","51.6","16.7","25.3","70.0"
"BRA","1987","61.3","25.5","33.3","51.6"
"BRA","1988","63.0","28.1","35.4","61.3"
"BRA","1989","60.3","25.7","33.2","63.0"
"BRA","1990","65.8","30.3","37.3","60.3"
"BRA","1991","","","","65.8"
"BRA","1992","67.9","29.4","37.3",""
"BRA","1993","66.0","28.2","36.3","67.9"
"BRA","1994","","","","66.0"
"BRA","1995","54.8","19.5","27.8",""
"BRA","1996","54.9","20.7","28.3","54.8"
"BRA","1997","55.1","20.4","28.5","54.9"
"BRA","1998","54.3","19.1","27.2","55.1"
"BRA","1999","55.8","20.0","28.3","54.3"
"BRA","2000","36.7","38.2","","55.8"
"BRA","2001","50.3","17.5","25.1","36.7"
"BRA","2002","49.8","16.2","24.2","50.3"
"BRA","2003","50.9","17.1","25.1","49.8"
"BRA","2004","49.5","15.3","23.8","50.9"
"BRA","2005","47.5","13.7","22.2","49.5"
"BRA","2006","43.7","11.4","19.7","47.5"
"BRA","2007","41.2","10.8","18.6","43.7"
"BRA","2008","38.2","9.1","16.5","41.2"
"BRA","2009","36.3","8.4","15.6","38.2"
"BRA","2010","33.4","35.0","","36.3"
"BRA","2011","32.2","7.1","13.5","33.4"
"BRA","2012","30.4","6.4","12.3","32.2"
"BRA","2013","27.9","5.4","11.0","30.4"
"BRA","2014","26.4","4.8","10.2","27.9"
"BRA","2015","27.4","5.4","10.8","26.4"
"BRA","2016","29.1","6.5","12.0","27.4"
"BRA","2017","29.3","7.0","12.2","29.1"
"BRA","2018","28.7","6.9","12.1","29.3"
"BRA","2019","28.0","7.0","12.0","28.7"
"BRA","2020","20.8","2.8","7.1","28.0"
"BRA","2021","30.6","7.5","12.7","20.8"
"BRA","2022","25.3","4.9","9.9","30.6"
"BRA","2023","23.3","3.8","8.8","25.3"
"BRA","2024","20.6","3.0","7.5","23.3"
"BRA","2025","","","","20.6"
"BRB","1960","","","",""
"BRB","1961","","","",""
"BRB","1962","","","",""
"BRB","1963","","","",""
"BRB","1964","","","",""
"BRB","1965","","","",""
"BRB","1966","","","",""
"BRB","1967","","","",""
"BRB","1968","","","",""
"BRB","1969","","","",""
"BRB","1970","","","",""
"BRB","1971","","","",""
"BRB","1972","","","",""
"BRB","1973","","","",""
"BRB","1974","","","",""
"BRB","1975","","","",""
"BRB","1976","","","",""
"BRB","1977","","","",""
"BRB","1978","","","",""
"BRB","1979","","","",""
"BRB","1980","","","",""
"BRB","1981","","","",""
"BRB","1982","","","",""
"BRB","1983","","","",""
"BRB","1984","","","",""
"BRB","1985","","","",""
"BRB","1986","","","",""
"BRB","1987","","","",""
"BRB","1988","","","",""
"BRB","1989","","","",""
"BRB","1990","","","",""
"BRB","1991","","","",""
"BRB","1992","","","",""
"BRB","1993","","","",""
"BRB","1994","","","",""
"BRB","1995","","","",""
"BRB","1996","","","",""
"BRB","1997","","","",""
"BRB","1998","","","",""
"BRB","1999","","","",""
"BRB","2000","","","",""
"BRB","2001","","","",""
"BRB","2002","","","",""
"BRB","2003","","","",""
"BRB","2004","","","",""
"BRB","2005","","","",""
"BRB","2006","","","",""
"BRB","2007","","","",""
"BRB","2008","","","",""
"BRB","2009","","","",""
"BRB","2010","","","",""
"BRB","2011","","","",""
"BRB","2012","","","",""
"BRB","2013","","","",""
"BRB","2014","","","",""
"BRB","2015","","","",""
"BRB","2016","15.8","1.7","4.9",""
"BRB","2017","","","","15.8"
"BRB","2018","","","",""
"BRB","2019","","","",""
"BRB","2020","","","",""
"BRB","2021","","","",""
"BRB","2022","","","",""
"BRB","2023","","","",""
"BRB","2024","","","",""
"BRB","2025","","","",""
"CHL","1952","","","",""
"CHL","1960","","","",""
"CHL","1961","","","",""
"CHL","1962","","","",""
"CHL","1963","","","",""
"CHL","1964","","","",""
"CHL","1965","","","",""
"CHL","1966","","","",""
"CHL","1967","","","",""
"CHL","1968","","","",""
"CHL","1969","","","",""
"CHL","1970","","","",""
"CHL","1971","","","",""
"CHL","1972","","","",""
"CHL","1973","","","",""
"CHL","1974","","","",""
"CHL","1975","","","",""
"CHL","1976","","","",""
"CHL","1977","","","",""
"CHL","1978","","","",""
"CHL","1979","","","",""
"CHL","1980","","","",""
"CHL","1981","","","",""
"CHL","1982","","","",""
"CHL","1983","","","",""
"CHL","1984","","","",""
"CHL","1985","","","",""
"CHL","1986","","","",""
"CHL","1987","64.4","21.7","32.4",""
"CHL","1988","","","","64.4"
"CHL","1989","","","",""
"CHL","1990","58.5","16.0","27.5",""
"CHL","1991","","","","58.5"
"CHL","1992","53.3","11.1","22.9",""
"CHL","1993","","","","53.3"
"CHL","1994","49.8","10.5","21.4",""
"CHL","1995","","","","49.8"
"CHL","1996","44.6","8.0","17.9",""
"CHL","1997","","","","44.6"
"CHL","1998","41.6","7.4","16.7",""
"CHL","1999","","","","41.6"
"CHL","2000","44.5","8.6","18.1",""
"CHL","2001","2.9","1.2","","44.5"
"CHL","2002","2.9","1.3","","2.9"
"CHL","2003","43.2","7.9","17.5","2.9"
"CHL","2004","2.6","1.1","","43.2"
"CHL","2005","2.5","1.0","","2.6"
"CHL","2006","32.0","3.3","10.7","2.5"
"CHL","2007","2.2","0.9","","32.0"
"CHL","2008","2.2","0.9","","2.2"
"CHL","2009","27.6","2.6","8.6","2.2"
"CHL","2010","2.2","0.8","","27.6"
"CHL","2011","23.5","1.7","6.9","2.2"
"CHL","2012","1.8","0.5","","23.5"
"CHL","2013","14.4","0.8","3.8","1.8"
"CHL","2014","1.3","0.4","","14.4"
"CHL","2015","11.7","0.7","3.0","1.3"
"CHL","2016","1.1","0.3","","11.7"
"CHL","2017","9.0","0.5","2.2","1.1"
"CHL","2018","0.9","0.3","","9.0"
"CHL","2019","0.9","0.3","","0.9"
"CHL","2020","11.3","1.7","3.8","0.9"
"CHL","2021","0.5","0.1","","11.3"
"CHL","2022","6.1","0.6","1.8","0.5"
"CHL","2023","0.7","0.4","","6.1"
"CHL","2024","4.5","0.4","1.3","0.7"
"CHL","2025","","","","4.5"
"COL","1951","","","",""
"COL","1960","","","",""
"COL","1961","","","",""
"COL","1962","","","",""
"COL","1963","","","",""
"COL","1964","","","",""
"COL","1965","","","",""
"COL","1966","","","",""
"COL","1967","","","",""
"COL","1968","","","",""
"COL","1969","","","",""
"COL","1970","","","",""
"COL","1971","","","",""
"COL","1972","","","",""
"COL","1973","","","",""
"COL","1974","","","",""
"COL","1975","","","",""
"COL","1976","","","",""
"COL","1977","","","",""
"COL","1978","","","",""
"COL","1979","","","",""
"COL","1980","65.3","28.5","35.9",""
"COL","1981","","","","65.3"
"COL","1982","","","",""
"COL","1983","","","",""
"COL","1984","","","",""
"COL","1985","","","",""
"COL","1986","","","",""
"COL","1987","","","",""
"COL","1988","59.4","21.4","29.9",""
"COL","1989","60.7","21.3","30.2","59.4"
"COL","1990","","","","60.7"
"COL","1991","57.6","19.3","28.1",""
"COL","1992","60.3","16.0","28.0","57.6"
"COL","1993","","","","60.3"
"COL","1994","","","",""
"COL","1995","","","",""
"COL","1996","66.7","24.8","35.3",""
"COL","1997","","","","66.7"
"COL","1998","","","",""
"COL","1999","69.2","28.2","38.4",""
"COL","2000","65.4","23.9","34.7","69.2"
"COL","2001","71.5","29.6","39.6","65.4"
"COL","2002","62.5","21.2","31.6","71.5"
"COL","2003","63.3","19.8","31.1","62.5"
"COL","2004","62.4","19.2","30.5","63.3"
"COL","2005","59.1","16.8","27.8","62.4"
"COL","2006","11.0","12.5","","59.1"
"COL","2007","11.0","13.0","","11.0"
"COL","2008","53.2","16.3","25.5","11.0"
"COL","2009","52.2","15.1","24.5","53.2"
"COL","2010","50.0","13.3","22.7","52.2"
"COL","2011","47.0","11.3","20.6","50.0"
"COL","2012","46.3","12.7","21.2","47.0"
"COL","2013","44.1","11.8","19.9","46.3"
"COL","2014","41.9","10.9","18.8","44.1"
"COL","2015","41.3","10.2","18.2","41.9"
"COL","2016","41.4","10.1","18.1","41.3"
"COL","2017","41.0","9.5","17.6","41.4"
"COL","2018","41.1","9.8","17.9","41.0"
"COL","2019","41.8","11.3","18.8","41.1"
"COL","2020","48.6","15.8","23.7","41.8"
"COL","2021","44.0","11.2","19.4","48.6"
"COL","2022","40.2","9.3","17.1","44.0"
"COL","2023","39.1","8.6","16.5","40.2"
"COL","2024","37.0","8.5","15.7","39.1"
"COL","2025","","","","37.0"
"CRI","1960","","","",""
"CRI","1961","","","",""
"CRI","1962","","","",""
"CRI","1963","","","",""
"CRI","1964","","","",""
"CRI","1965","","","",""
"CRI","1966","","","",""
"CRI","1967","","","",""
"CRI","1968","","","",""
"CRI","1969","","","",""
"CRI","1970","","","",""
"CRI","1971","","","",""
"CRI","1972","","","",""
"CRI","1973","","","",""
"CRI","1974","","","",""
"CRI","1975","","","",""
"CRI","1976","","","",""
"CRI","1977","","","",""
"CRI","1978","","","",""
"CRI","1979","","","",""
"CRI","1980","","","",""
"CRI","1981","75.0","33.5","42.3",""
"CRI","1982","","","","75.0"
"CRI","1983","","","",""
"CRI","1984","","","",""
"CRI","1985","","","",""
"CRI","1986","69.8","19.3","31.9",""
"CRI","1987","","","","69.8"
"CRI","1988","","","",""
"CRI","1989","51.9","14.4","24.2",""
"CRI","1990","51.2","13.9","23.2","51.9"
"CRI","1991","55.8","17.1","26.7","51.2"
"CRI","1992","53.0","13.8","24.0","55.8"
"CRI","1993","45.9","11.8","20.3","53.0"
"CRI","1994","41.8","9.4","17.4","45.9"
"CRI","1995","41.9","10.6","18.1","41.8"
"CRI","1996","45.9","11.7","20.2","41.9"
"CRI","1997","42.7","9.1","18.0","45.9"
"CRI","1998","37.3","7.5","15.2","42.7"
"CRI","1999","41.3","9.3","17.1","37.3"
"CRI","2000","41.4","9.8","17.3","41.3"
"CRI","2001","32.1","7.6","13.3","41.4"
"CRI","2002","31.8","6.6","12.9","32.1"
"CRI","2003","30.4","6.9","12.4","31.8"
"CRI","2004","32.2","6.6","12.6","30.4"
"CRI","2005","29.6","5.0","11.1","32.2"
"CRI","2006","29.4","5.2","10.9","29.6"
"CRI","2007","24.3","3.1","8.4","29.4"
"CRI","2008","23.3","3.4","8.3","24.3"
"CRI","2009","22.8","3.6","8.2","23.3"
"CRI","2010","18.8","2.2","6.4","22.8"
"CRI","2011","19.8","2.7","6.8","18.8"
"CRI","2012","18.4","2.6","6.3","19.8"
"CRI","2013","18.4","2.6","6.4","18.4"
"CRI","2014","18.3","2.4","6.2","18.4"
"CRI","2015","17.5","2.4","6.1","18.3"
"CRI","2016","17.0","2.4","5.8","17.5"
"CRI","2017","15.8","1.7","5.1","17.0"
"CRI","2018","16.5","2.3","5.8","15.8"
"CRI","2019","16.7","1.7","5.3","16.5"
"CRI","2020","23.3","3.4","8.4","16.7"
"CRI","2021","17.8","2.2","5.7","23.3"
"CRI","2022","17.1","1.6","5.4","17.8"
"CRI","2023","15.3","1.5","4.9","17.1"
"CRI","2024","12.6","1.3","3.9","15.3"
"CRI","2025","9.7","0.8","2.8","12.6"
"CUB","1960","","","",""
"CUB","1961","","","",""
"CUB","1962","","","",""
"CUB","1963","","","",""
"CUB","1964","","","",""
"CUB","1965","","","",""
"CUB","1966","","","",""
"CUB","1967","","","",""
"CUB","1968","","","",""
"CUB","1969","","","",""
"CUB","1970","","","",""
"CUB","1971","","","",""
"CUB","1972","","","",""
"CUB","1973","","","",""
"CUB","1974","","","",""
"CUB","1975","","","",""
"CUB","1976","","","",""
"CUB","1977","","","",""
"CUB","1978","","","",""
"CUB","1979","","","",""
"CUB","1980","","","",""
"CUB","1981","","","",""
"CUB","1982","","","",""
"CUB","1983","","","",""
"CUB","1984","","","",""
"CUB","1985","","","",""
"CUB","1986","","","",""
"CUB","1987","","","",""
"CUB","1988","","","",""
"CUB","1989","","","",""
"CUB","1990","","","",""
"CUB","1991","","","",""
"CUB","1992","","","",""
"CUB","1993","","","",""
"CUB","1994","","","",""
"CUB","1995","","","",""
"CUB","1996","","","",""
"CUB","1997","","","",""
"CUB","1998","","","",""
"CUB","1999","","","",""
"CUB","2000","","","",""
"CUB","2001","","","",""
"CUB","2002","","","",""
"CUB","2003","","","",""
"CUB","2004","","","",""
"CUB","2005","","","",""
"CUB","2006","","","",""
"CUB","2007","","","",""
"CUB","2008","","","",""
"CUB","2009","","","",""
"CUB","2010","","","",""
"CUB","2011","","","",""
"CUB","2012","","","",""
"CUB","2013","","","",""
"CUB","2014","","","",""
"CUB","2015","","","",""
"CUB","2016","","","",""
"CUB","2017","","","",""
"CUB","2018","","","",""
"CUB","2019","","","",""
"CUB","2020","","","",""
"CUB","2021","","","",""
"CUB","2022","","","",""
"CUB","2023","","","",""
"CUB","2024","","","",""
"CUB","2025","","","",""
"DOM","1960","","","",""
"DOM","1961","","","",""
"DOM","1962","","","",""
"DOM","1963","","","",""
"DOM","1964","","","",""
"DOM","1965","","","",""
"DOM","1966","","","",""
"DOM","1967","","","",""
"DOM","1968","","","",""
"DOM","1969","","","",""
"DOM","1970","","","",""
"DOM","1971","","","",""
"DOM","1972","","","",""
"DOM","1973","","","",""
"DOM","1974","","","",""
"DOM","1975","","","",""
"DOM","1976","","","",""
"DOM","1977","","","",""
"DOM","1978","","","",""
"DOM","1979","","","",""
"DOM","1980","","","",""
"DOM","1981","","","",""
"DOM","1982","","","",""
"DOM","1983","","","",""
"DOM","1984","","","",""
"DOM","1985","","","",""
"DOM","1986","36.3","8.7","15.3",""
"DOM","1987","","","","36.3"
"DOM","1988","","","",""
"DOM","1989","64.0","21.0","31.1",""
"DOM","1990","","","","64.0"
"DOM","1991","","","",""
"DOM","1992","51.0","10.0","21.2",""
"DOM","1993","","","","51.0"
"DOM","1994","","","",""
"DOM","1995","","","",""
"DOM","1996","40.9","8.0","16.8",""
"DOM","1997","38.3","8.1","15.7","40.9"
"DOM","1998","","","","38.3"
"DOM","1999","","","",""
"DOM","2000","39.8","8.3","16.0",""
"DOM","2001","39.2","6.6","15.5","39.8"
"DOM","2002","39.0","9.0","16.5","39.2"
"DOM","2003","47.8","10.7","20.5","39.0"
"DOM","2004","55.6","14.6","25.0","47.8"
"DOM","2005","46.6","9.9","19.5","55.6"
"DOM","2006","43.5","8.1","17.4","46.6"
"DOM","2007","43.0","7.8","17.1","43.5"
"DOM","2008","44.2","7.1","17.5","43.0"
"DOM","2009","41.5","6.3","16.0","44.2"
"DOM","2010","42.0","5.5","15.9","41.5"
"DOM","2011","40.2","5.3","14.6","42.0"
"DOM","2012","39.6","5.4","14.5","40.2"
"DOM","2013","39.3","4.4","14.0","39.6"
"DOM","2014","33.5","4.1","11.7","39.3"
"DOM","2015","29.4","3.3","10.0","33.5"
"DOM","2016","27.4","3.0","9.2","29.4"
"DOM","2017","23.8","1.5","7.0","27.4"
"DOM","2018","20.9","1.1","5.9","23.8"
"DOM","2019","18.8","1.0","5.2","20.9"
"DOM","2020","21.7","1.3","6.5","18.8"
"DOM","2021","21.8","1.3","6.2","21.7"
"DOM","2022","20.2","1.0","5.6","21.8"
"DOM","2023","16.9","1.3","5.0","20.2"
"DOM","2024","14.0","0.8","3.9","16.9"
"DOM","2025","","","","14.0"
"ECU","1960","","","",""
"ECU","1961","","","",""
"ECU","1962","","","",""
"ECU","1963","","","",""
"ECU","1964","","","",""
"ECU","1965","","","",""
"ECU","1966","","","",""
"ECU","1967","","","",""
"ECU","1968","","","",""
"ECU","1969","","","",""
"ECU","1970","","","",""
"ECU","1971","","","",""
"ECU","1972","","","",""
"ECU","1973","","","",""
"ECU","1974","","","",""
"ECU","1975","","","",""
"ECU","1976","","","",""
"ECU","1977","","","",""
"ECU","1978","","","",""
"ECU","1979","","","",""
"ECU","1980","","","",""
"ECU","1981","","","",""
"ECU","1982","","","",""
"ECU","1983","","","",""
"ECU","1984","","","",""
"ECU","1985","","","",""
"ECU","1986","","","",""
"ECU","1987","60.8","21.6","30.5",""
"ECU","1988","","","","60.8"
"ECU","1989","","","",""
"ECU","1990","","","",""
"ECU","1991","","","",""
"ECU","1992","","","",""
"ECU","1993","","","",""
"ECU","1994","65.9","21.5","33.1",""
"ECU","1995","65.3","18.1","31.7","65.9"
"ECU","1996","","","","65.3"
"ECU","1997","","","",""
"ECU","1998","65.0","21.1","33.1",""
"ECU","1999","68.6","26.9","36.7","65.0"
"ECU","2000","76.6","34.1","43.5","68.6"
"ECU","2001","3.3","3.4","","76.6"
"ECU","2002","3.3","3.5","","3.3"
"ECU","2003","58.7","18.9","28.8","3.3"
"ECU","2004","59.7","19.4","29.6","58.7"
"ECU","2005","51.9","15.4","24.2","59.7"
"ECU","2006","46.8","10.9","20.3","51.9"
"ECU","2007","45.9","10.9","19.9","46.8"
"ECU","2008","43.4","9.8","18.7","45.9"
"ECU","2009","44.4","9.3","18.4","43.4"
"ECU","2010","39.7","7.8","16.0","44.4"
"ECU","2011","35.9","6.4","13.8","39.7"
"ECU","2012","32.6","6.0","12.7","35.9"
"ECU","2013","32.5","4.5","11.8","32.6"
"ECU","2014","28.7","4.0","10.3","32.5"
"ECU","2015","29.8","4.8","10.9","28.7"
"ECU","2016","29.3","5.0","10.7","29.8"
"ECU","2017","28.3","4.3","10.2","29.3"
"ECU","2018","28.9","4.7","10.7","28.3"
"ECU","2019","30.6","4.6","11.3","28.9"
"ECU","2020","36.0","8.4","14.8","30.6"
"ECU","2021","33.5","5.3","12.0","36.0"
"ECU","2022","30.9","4.4","11.2","33.5"
"ECU","2023","30.8","4.7","11.4","30.9"
"ECU","2024","32.6","7.3","13.3","30.8"
"ECU","2025","30.1","3.4","10.1","32.6"
"GTM","1960","","","",""
"GTM","1961","","","",""
"GTM","1962","","","",""
"GTM","1963","","","",""
"GTM","1964","","","",""
"GTM","1965","","","",""
"GTM","1966","","","",""
"GTM","1967","","","",""
"GTM","1968","","","",""
"GTM","1969","","","",""
"GTM","1970","","","",""
"GTM","1971","","","",""
"GTM","1972","","","",""
"GTM","1973","","","",""
"GTM","1974","","","",""
"GTM","1975","","","",""
"GTM","1976","","","",""
"GTM","1977","","","",""
"GTM","1978","","","",""
"GTM","1979","","","",""
"GTM","1980","","","",""
"GTM","1981","","","",""
"GTM","1982","","","",""
"GTM","1983","","","",""
"GTM","1984","","","",""
"GTM","1985","","","",""
"GTM","1986","83.0","47.4","52.5",""
"GTM","1987","","","","83.0"
"GTM","1988","","","",""
"GTM","1989","70.3","35.1","41.6",""
"GTM","1990","","","","70.3"
"GTM","1991","","","",""
"GTM","1992","","","",""
"GTM","1993","","","",""
"GTM","1994","","","",""
"GTM","1995","","","",""
"GTM","1996","","","",""
"GTM","1997","","","",""
"GTM","1998","46.6","13.4","21.2",""
"GTM","1999","","","","46.6"
"GTM","2000","41.7","8.8","17.1",""
"GTM","2001","2.1","1.4","","41.7"
"GTM","2002","2.1","1.6","","2.1"
"GTM","2003","2.1","1.7","","2.1"
"GTM","2004","2.2","1.9","","2.1"
"GTM","2005","2.3","2.1","","2.2"
"GTM","2006","40.2","10.5","17.9","2.3"
"GTM","2007","2.6","2.5","","40.2"
"GTM","2008","2.7","2.6","","2.6"
"GTM","2009","3.0","2.9","","2.7"
"GTM","2010","3.2","3.3","","3.0"
"GTM","2011","3.4","3.6","","3.2"
"GTM","2012","3.6","3.6","","3.4"
"GTM","2013","3.8","3.8","","3.6"
"GTM","2014","44.8","8.0","18.3","3.8"
"GTM","2015","4.2","4.2","","44.8"
"GTM","2016","4.2","4.2","","4.2"
"GTM","2017","4.3","4.2","","4.2"
"GTM","2018","4.4","4.4","","4.3"
"GTM","2019","4.4","4.4","","4.4"
"GTM","2020","4.9","6.1","","4.4"
"GTM","2021","4.5","4.8","","4.9"
"GTM","2022","5.1","6.2","","4.5"
"GTM","2023","47.3","9.7","19.5","5.1"
"GTM","2024","6.2","8.2","","47.3"
"GTM","2025","","","","6.2"
"GUY","1960","","","",""
"GUY","1961","","","",""
"GUY","1962","","","",""
"GUY","1963","","","",""
"GUY","1964","","","",""
"GUY","1965","","","",""
"GUY","1966","","","",""
"GUY","1967","","","",""
"GUY","1968","","","",""
"GUY","1969","","","",""
"GUY","1970","","","",""
"GUY","1971","","","",""
"GUY","1972","","","",""
"GUY","1973","","","",""
"GUY","1974","","","",""
"GUY","1975","","","",""
"GUY","1976","","","",""
"GUY","1977","","","",""
"GUY","1978","","","",""
"GUY","1979","","","",""
"GUY","1980","","","",""
"GUY","1981","","","",""
"GUY","1982","","","",""
"GUY","1983","","","",""
"GUY","1984","","","",""
"GUY","1985","","","",""
"GUY","1986","","","",""
"GUY","1987","","","",""
"GUY","1988","","","",""
"GUY","1989","","","",""
"GUY","1990","","","",""
"GUY","1991","","","",""
"GUY","1992","83.5","33.3","45.2",""
"GUY","1993","","","","83.5"
"GUY","1994","","","",""
"GUY","1995","","","",""
"GUY","1996","","","",""
"GUY","1997","","","",""
"GUY","1998","54.2","13.0","23.6",""
"GUY","1999","","","","54.2"
"GUY","2000","","","",""
"GUY","2001","","","",""
"GUY","2002","","","",""
"GUY","2003","","","",""
"GUY","2004","","","",""
"GUY","2005","","","",""
"GUY","2006","","","",""
"GUY","2007","","","",""
"GUY","2008","","","",""
"GUY","2009","","","",""
"GUY","2010","","","",""
"GUY","2011","","","",""
"GUY","2012","","","",""
"GUY","2013","","","",""
"GUY","2014","","","",""
"GUY","2015","","","",""
"GUY","2016","","","",""
"GUY","2017","","","",""
"GUY","2018","","","",""
"GUY","2019","","","",""
"GUY","2020","","","",""
"GUY","2021","","","",""
"GUY","2022","","","",""
"GUY","2023","","","",""
"GUY","2024","","","",""
"GUY","2025","","","",""
"HND","1960","","","",""
"HND","1961","","","",""
"HND","1962","","","",""
"HND","1963","","","",""
"HND","1964","","","",""
"HND","1965","","","",""
"HND","1966","","","",""
"HND","1967","","","",""
"HND","1968","","","",""
"HND","1969","","","",""
"HND","1970","","","",""
"HND","1971","","","",""
"HND","1972","","","",""
"HND","1973","","","",""
"HND","1974","","","",""
"HND","1975","","","",""
"HND","1976","","","",""
"HND","1977","","","",""
"HND","1978","","","",""
"HND","1979","","","",""
"HND","1980","","","",""
"HND","1981","","","",""
"HND","1982","","","",""
"HND","1983","","","",""
"HND","1984","","","",""
"HND","1985","","","",""
"HND","1986","","","",""
"HND","1987","","","",""
"HND","1988","","","",""
"HND","1989","83.4","49.5","53.7",""
"HND","1990","85.2","51.7","55.7","83.4"
"HND","1991","82.1","41.3","49.3","85.2"
"HND","1992","79.7","36.5","45.9","82.1"
"HND","1993","73.9","31.3","40.7","79.7"
"HND","1994","73.6","32.9","41.7","73.9"
"HND","1995","75.1","34.4","42.7","73.6"
"HND","1996","77.0","38.2","45.2","75.1"
"HND","1997","69.9","27.5","36.9","77.0"
"HND","1998","69.1","32.3","39.3","69.9"
"HND","1999","70.8","32.1","40.1","69.1"
"HND","2000","1.7","2.2","","70.8"
"HND","2001","59.9","26.5","32.8","1.7"
"HND","2002","65.8","29.0","36.6","59.9"
"HND","2003","69.1","34.0","40.4","65.8"
"HND","2004","67.9","33.3","39.6","69.1"
"HND","2005","66.1","31.3","38.2","67.9"
"HND","2006","60.8","27.3","34.0","66.1"
"HND","2007","58.5","22.0","30.3","60.8"
"HND","2008","55.6","20.9","28.7","58.5"
"HND","2009","52.9","18.1","26.0","55.6"
"HND","2010","55.5","19.6","27.9","52.9"
"HND","2011","56.2","20.1","28.3","55.5"
"HND","2012","61.0","24.0","32.3","56.2"
"HND","2013","59.1","20.8","29.7","61.0"
"HND","2014","58.2","20.6","28.7","59.1"
"HND","2015","58.0","19.9","28.6","58.2"
"HND","2016","55.4","19.8","28.0","58.0"
"HND","2017","56.4","19.3","27.7","55.4"
"HND","2018","56.1","19.8","27.7","56.4"
"HND","2019","54.5","18.8","27.0","56.1"
"HND","2020","3.6","8.2","","54.5"
"HND","2021","3.3","6.1","","3.6"
"HND","2022","3.7","7.7","","3.3"
"HND","2023","53.3","17.0","26.1","3.7"
"HND","2024","49.8","15.7","23.4","53.3"
"HND","2025","","","","49.8"
"HTI","1950","","","",""
"HTI","1960","","","",""
"HTI","1961","","","",""
"HTI","1962","","","",""
"HTI","1963","","","",""
"HTI","1964","","","",""
"HTI","1965","","","",""
"HTI","1966","","","",""
"HTI","1967","","","",""
"HTI","1968","","","",""
"HTI","1969","","","",""
"HTI","1970","","","",""
"HTI","1971","","","",""
"HTI","1972","","","",""
"HTI","1973","","","",""
"HTI","1974","","","",""
"HTI","1975","","","",""
"HTI","1976","","","",""
"HTI","1977","","","",""
"HTI","1978","","","",""
"HTI","1979","","","",""
"HTI","1980","","","",""
"HTI","1981","","","",""
"HTI","1982","","","",""
"HTI","1983","","","",""
"HTI","1984","","","",""
"HTI","1985","","","",""
"HTI","1986","","","",""
"HTI","1987","","","",""
"HTI","1988","","","",""
"HTI","1989","","","",""
"HTI","1990","","","",""
"HTI","1991","","","",""
"HTI","1992","","","",""
"HTI","1993","","","",""
"HTI","1994","","","",""
"HTI","1995","","","",""
"HTI","1996","","","",""
"HTI","1997","","","",""
"HTI","1998","","","",""
"HTI","1999","","","",""
"HTI","2000","","","",""
"HTI","2001","93.6","75.1","71.5",""
"HTI","2002","","","","93.6"
"HTI","2003","","","",""
"HTI","2004","","","",""
"HTI","2005","","","",""
"HTI","2006","","","",""
"HTI","2007","","","",""
"HTI","2008","","","",""
"HTI","2009","","","",""
"HTI","2010","","","",""
"HTI","2011","","","",""
"HTI","2012","88.2","40.4","50.6",""
"HTI","2013","","","","88.2"
"HTI","2014","","","",""
"HTI","2015","","","",""
"HTI","2016","","","",""
"HTI","2017","","","",""
"HTI","2018","","","",""
"HTI","2019","","","",""
"HTI","2020","","","",""
"HTI","2021","","","",""
"HTI","2022","","","",""
"HTI","2023","","","",""
"HTI","2024","","","",""
"HTI","2025","","","",""
"JAM","1960","","","",""
"JAM","1961","","","",""
"JAM","1962","","","",""
"JAM","1963","","","",""
"JAM","1964","","","",""
"JAM","1965","","","",""
"JAM","1966","","","",""
"JAM","1967","","","",""
"JAM","1968","","","",""
"JAM","1969","","","",""
"JAM","1970","","","",""
"JAM","1971","","","",""
"JAM","1972","","","",""
"JAM","1973","","","",""
"JAM","1974","","","",""
"JAM","1975","","","",""
"JAM","1976","","","",""
"JAM","1977","","","",""
"JAM","1978","","","",""
"JAM","1979","","","",""
"JAM","1980","","","",""
"JAM","1981","","","",""
"JAM","1982","","","",""
"JAM","1983","","","",""
"JAM","1984","","","",""
"JAM","1985","","","",""
"JAM","1986","","","",""
"JAM","1987","","","",""
"JAM","1988","60.3","13.8","25.8",""
"JAM","1989","","","","60.3"
"JAM","1990","64.2","11.6","27.1",""
"JAM","1991","","","","64.2"
"JAM","1992","","","",""
"JAM","1993","78.9","20.5","36.5",""
"JAM","1994","","","","78.9"
"JAM","1995","","","",""
"JAM","1996","60.2","8.3","23.0",""
"JAM","1997","","","","60.2"
"JAM","1998","","","",""
"JAM","1999","45.1","5.7","16.4",""
"JAM","2000","","","","45.1"
"JAM","2001","","","",""
"JAM","2002","46.6","6.4","17.8",""
"JAM","2003","","","","46.6"
"JAM","2004","44.3","4.5","15.4",""
"JAM","2005","","","","44.3"
"JAM","2006","","","",""
"JAM","2007","","","",""
"JAM","2008","","","",""
"JAM","2009","","","",""
"JAM","2010","","","",""
"JAM","2011","","","",""
"JAM","2012","","","",""
"JAM","2013","","","",""
"JAM","2014","","","",""
"JAM","2015","","","",""
"JAM","2016","","","",""
"JAM","2017","","","",""
"JAM","2018","18.3","0.4","4.6",""
"JAM","2019","","","","18.3"
"JAM","2020","","","",""
"JAM","2021","22.9","1.4","7.0",""
"JAM","2022","","","","22.9"
"JAM","2023","","","",""
"JAM","2024","","","",""
"JAM","2025","","","",""
"MEX","1960","","","",""
"MEX","1961","","","",""
"MEX","1962","","","",""
"MEX","1963","","","",""
"MEX","1964","","","",""
"MEX","1965","","","",""
"MEX","1966","","","",""
"MEX","1967","","","",""
"MEX","1968","","","",""
"MEX","1969","","","",""
"MEX","1970","","","",""
"MEX","1971","","","",""
"MEX","1972","","","",""
"MEX","1973","","","",""
"MEX","1974","","","",""
"MEX","1975","","","",""
"MEX","1976","","","",""
"MEX","1977","","","",""
"MEX","1978","","","",""
"MEX","1979","","","",""
"MEX","1980","","","",""
"MEX","1981","","","",""
"MEX","1982","","","",""
"MEX","1983","","","",""
"MEX","1984","59.0","15.0","27.3",""
"MEX","1985","","","","59.0"
"MEX","1986","","","",""
"MEX","1987","","","",""
"MEX","1988","","","",""
"MEX","1989","60.2","14.8","26.7",""
"MEX","1990","","","","60.2"
"MEX","1991","","","",""
"MEX","1992","54.5","13.3","24.0",""
"MEX","1993","","","","54.5"
"MEX","1994","53.3","13.6","24.0",""
"MEX","1995","","","","53.3"
"MEX","1996","65.6","21.7","32.7",""
"MEX","1997","","","","65.6"
"MEX","1998","62.2","21.9","31.1",""
"MEX","1999","","","","62.2"
"MEX","2000","55.1","16.3","25.9",""
"MEX","2001","22.3","18.3","","55.1"
"MEX","2002","52.9","12.8","23.3","22.3"
"MEX","2003","21.9","16.8","","52.9"
"MEX","2004","50.4","11.0","21.2","21.9"
"MEX","2005","48.4","11.7","21.0","50.4"
"MEX","2006","45.9","9.0","18.6","48.4"
"MEX","2007","23.3","19.4","","45.9"
"MEX","2008","46.0","10.1","19.5","23.3"
"MEX","2009","26.5","24.4","","46.0"
"MEX","2010","46.3","8.4","18.4","26.5"
"MEX","2011","27.1","22.5","","46.3"
"MEX","2012","44.1","7.3","17.2","27.1"
"MEX","2013","29.8","25.0","","44.1"
"MEX","2014","46.6","7.2","17.9","29.8"
"MEX","2015","27.8","21.5","","46.6"
"MEX","2016","37.8","4.4","13.3","27.8"
"MEX","2017","26.5","16.2","","37.8"
"MEX","2018","35.3","3.9","12.0","26.5"
"MEX","2019","25.5","13.7","","35.3"
"MEX","2020","36.5","4.3","12.6","25.5"
"MEX","2021","24.0","14.4","","36.5"
"MEX","2022","27.4","2.3","8.5","24.0"
"MEX","2023","22.2","12.0","","27.4"
"MEX","2024","21.4","1.6","6.4","22.2"
"MEX","2025","","","","21.4"
"NIC","1960","","","",""
"NIC","1961","","","",""
"NIC","1962","","","",""
"NIC","1963","","","",""
"NIC","1964","","","",""
"NIC","1965","","","",""
"NIC","1966","","","",""
"NIC","1967","","","",""
"NIC","1968","","","",""
"NIC","1969","","","",""
"NIC","1970","","","",""
"NIC","1971","","","",""
"NIC","1972","","","",""
"NIC","1973","","","",""
"NIC","1974","","","",""
"NIC","1975","","","",""
"NIC","1976","","","",""
"NIC","1977","","","",""
"NIC","1978","","","",""
"NIC","1979","","","",""
"NIC","1980","","","",""
"NIC","1981","","","",""
"NIC","1982","","","",""
"NIC","1983","","","",""
"NIC","1984","","","",""
"NIC","1985","","","",""
"NIC","1986","","","",""
"NIC","1987","","","",""
"NIC","1988","","","",""
"NIC","1989","","","",""
"NIC","1990","","","",""
"NIC","1991","","","",""
"NIC","1992","","","",""
"NIC","1993","82.2","47.1","52.3",""
"NIC","1994","","","","82.2"
"NIC","1995","","","",""
"NIC","1996","","","",""
"NIC","1997","","","",""
"NIC","1998","77.6","34.7","44.3",""
"NIC","1999","","","","77.6"
"NIC","2000","1.6","1.8","",""
"NIC","2001","72.3","26.3","37.8","1.6"
"NIC","2002","1.5","1.7","","72.3"
"NIC","2003","1.5","1.5","","1.5"
"NIC","2004","1.5","1.5","","1.5"
"NIC","2005","65.4","16.5","30.0","1.5"
"NIC","2006","1.6","1.5","","65.4"
"NIC","2007","1.6","1.5","","1.6"
"NIC","2008","1.7","1.6","","1.6"
"NIC","2009","62.1","13.9","27.1","1.7"
"NIC","2010","1.7","1.7","","62.1"
"NIC","2011","1.7","1.7","","1.7"
"NIC","2012","1.7","1.5","","1.7"
"NIC","2013","1.7","1.4","","1.7"
"NIC","2014","46.5","6.6","18.2","1.7"
"NIC","2015","1.6","1.5","","46.5"
"NIC","2016","1.6","1.4","","1.6"
"NIC","2017","1.6","1.3","","1.6"
"NIC","2018","1.7","1.8","","1.6"
"NIC","2019","1.7","1.8","","1.7"
"NIC","2020","1.7","2.0","","1.7"
"NIC","2021","1.6","1.7","","1.7"
"NIC","2022","1.7","2.2","","1.6"
"NIC","2023","1.7","2.2","","1.7"
"NIC","2024","2.0","2.6","","1.7"
"NIC","2025","","","","2.0"
"PAN","1950","","","",""
"PAN","1960","","","",""
"PAN","1961","","","",""
"PAN","1962","","","",""
"PAN","1963","","","",""
"PAN","1964","","","",""
"PAN","1965","","","",""
"PAN","1966","","","",""
"PAN","1967","","","",""
"PAN","1968","","","",""
"PAN","1969","","","",""
"PAN","1970","","","",""
"PAN","1971","","","",""
"PAN","1972","","","",""
"PAN","1973","","","",""
"PAN","1974","","","",""
"PAN","1975","","","",""
"PAN","1976","","","",""
"PAN","1977","","","",""
"PAN","1978","","","",""
"PAN","1979","51.8","15.6","24.2",""
"PAN","1980","","","","51.8"
"PAN","1981","","","",""
"PAN","1982","","","",""
"PAN","1983","","","",""
"PAN","1984","","","",""
"PAN","1985","","","",""
"PAN","1986","","","",""
"PAN","1987","","","",""
"PAN","1988","","","",""
"PAN","1989","59.9","29.8","36.2",""
"PAN","1990","","","","59.9"
"PAN","1991","59.2","27.1","34.1",""
"PAN","1992","","","","59.2"
"PAN","1993","","","",""
"PAN","1994","","","",""
"PAN","1995","48.9","21.1","27.5",""
"PAN","1996","","","","48.9"
"PAN","1997","49.7","19.9","26.6",""
"PAN","1998","50.2","19.8","26.9","49.7"
"PAN","1999","47.7","17.7","24.9","50.2"
"PAN","2000","46.3","16.3","23.4","47.7"
"PAN","2001","50.6","20.8","27.2","46.3"
"PAN","2002","47.9","17.2","24.0","50.6"
"PAN","2003","46.8","16.8","23.3","47.9"
"PAN","2004","45.3","15.5","22.3","46.8"
"PAN","2005","44.5","14.5","21.7","45.3"
"PAN","2006","44.5","15.7","22.0","44.5"
"PAN","2007","41.2","13.0","19.2","44.5"
"PAN","2008","33.2","9.0","14.4","41.2"
"PAN","2009","32.3","6.6","13.3","33.2"
"PAN","2010","30.2","7.7","13.3","32.3"
"PAN","2011","27.1","6.1","11.2","30.2"
"PAN","2012","26.6","7.4","11.7","27.1"
"PAN","2013","26.0","5.9","10.8","26.6"
"PAN","2014","24.4","6.4","10.5","26.0"
"PAN","2015","22.0","4.8","9.0","24.4"
"PAN","2016","20.6","4.8","8.7","22.0"
"PAN","2017","20.7","4.3","8.5","20.6"
"PAN","2018","18.5","3.7","7.4","20.7"
"PAN","2019","17.8","2.9","7.0","18.5"
"PAN","2020","0.5","0.5","","17.8"
"PAN","2021","20.3","3.3","7.6","0.5"
"PAN","2022","0.5","0.6","","20.3"
"PAN","2023","19.8","3.7","7.7","0.5"
"PAN","2024","19.8","3.1","7.5","19.8"
"PAN","2025","","","","19.8"
"PER","1960","","","",""
"PER","1961","","","",""
"PER","1962","","","",""
"PER","1963","","","",""
"PER","1964","","","",""
"PER","1965","","","",""
"PER","1966","","","",""
"PER","1967","","","",""
"PER","1968","","","",""
"PER","1969","","","",""
"PER","1970","","","",""
"PER","1971","","","",""
"PER","1972","","","",""
"PER","1973","","","",""
"PER","1974","","","",""
"PER","1975","","","",""
"PER","1976","","","",""
"PER","1977","","","",""
"PER","1978","","","",""
"PER","1979","","","",""
"PER","1980","","","",""
"PER","1981","","","",""
"PER","1982","","","",""
"PER","1983","","","",""
"PER","1984","","","",""
"PER","1985","41.1","6.2","15.4",""
"PER","1986","","","","41.1"
"PER","1987","","","",""
"PER","1988","","","",""
"PER","1989","","","",""
"PER","1990","","","",""
"PER","1991","","","",""
"PER","1992","","","",""
"PER","1993","","","",""
"PER","1994","73.0","25.7","37.3",""
"PER","1995","","","","73.0"
"PER","1996","","","",""
"PER","1997","65.5","26.9","35.0",""
"PER","1998","66.3","25.7","35.0","65.5"
"PER","1999","65.9","26.3","35.4","66.3"
"PER","2000","67.6","25.5","34.9","65.9"
"PER","2001","68.4","27.4","36.4","67.6"
"PER","2002","64.5","24.4","33.5","68.4"
"PER","2003","64.0","22.5","32.0","64.5"
"PER","2004","64.3","23.5","32.5","64.0"
"PER","2005","66.2","25.4","34.3","64.3"
"PER","2006","60.6","21.8","30.6","66.2"
"PER","2007","55.2","18.9","26.8","60.6"
"PER","2008","50.9","15.8","23.9","55.2"
"PER","2009","49.1","13.7","22.2","50.9"
"PER","2010","45.7","11.2","19.6","49.1"
"PER","2011","42.4","10.3","18.3","45.7"
"PER","2012","39.8","9.5","16.8","42.4"
"PER","2013","39.3","8.6","16.2","39.8"
"PER","2014","38.0","8.0","15.5","39.3"
"PER","2015","37.5","8.0","15.1","38.0"
"PER","2016","36.4","7.5","14.8","37.5"
"PER","2017","37.3","7.3","14.8","36.4"
"PER","2018","35.2","6.1","13.5","37.3"
"PER","2019","33.6","5.4","12.5","35.2"
"PER","2020","48.1","10.3","20.0","33.6"
"PER","2021","39.5","5.2","13.9","48.1"
"PER","2022","37.8","4.8","13.5","39.5"
"PER","2023","38.3","5.9","14.1","37.8"
"PER","2024","36.2","5.1","13.1","38.3"
"PER","2025","","","","36.2"
"PRY","1960","","","",""
"PRY","1961","","","",""
"PRY","1962","","","",""
"PRY","1963","","","",""
"PRY","1964","","","",""
"PRY","1965","","","",""
"PRY","1966","","","",""
"PRY","1967","","","",""
"PRY","1968","","","",""
"PRY","1969","","","",""
"PRY","1970","","","",""
"PRY","1971","","","",""
"PRY","1972","","","",""
"PRY","1973","","","",""
"PRY","1974","","","",""
"PRY","1975","","","",""
"PRY","1976","","","",""
"PRY","1977","","","",""
"PRY","1978","","","",""
"PRY","1979","","","",""
"PRY","1980","","","",""
"PRY","1981","","","",""
"PRY","1982","","","",""
"PRY","1983","","","",""
"PRY","1984","","","",""
"PRY","1985","","","",""
"PRY","1986","","","",""
"PRY","1987","","","",""
"PRY","1988","","","",""
"PRY","1989","","","",""
"PRY","1990","28.8","2.5","9.2",""
"PRY","1991","","","","28.8"
"PRY","1992","","","",""
"PRY","1993","","","",""
"PRY","1994","","","",""
"PRY","1995","49.3","18.3","24.9",""
"PRY","1996","","","","49.3"
"PRY","1997","43.0","14.9","21.7",""
"PRY","1998","","","","43.0"
"PRY","1999","46.9","15.0","22.3",""
"PRY","2000","1.0","0.9","","46.9"
"PRY","2001","45.3","13.5","21.3","1.0"
"PRY","2002","57.5","19.6","28.7","45.3"
"PRY","2003","51.4","13.8","23.2","57.5"
"PRY","2004","50.3","10.7","21.1","51.4"
"PRY","2005","46.5","10.1","19.4","50.3"
"PRY","2006","50.4","14.1","22.6","46.5"
"PRY","2007","47.0","12.6","20.4","50.4"
"PRY","2008","43.9","7.9","17.8","47.0"
"PRY","2009","42.1","9.1","17.8","43.9"
"PRY","2010","39.8","9.4","16.8","42.1"
"PRY","2011","38.0","8.9","15.9","39.8"
"PRY","2012","33.3","6.4","13.0","38.0"
"PRY","2013","28.8","4.1","10.4","33.3"
"PRY","2014","28.3","4.3","10.5","28.8"
"PRY","2015","27.5","4.2","10.4","28.3"
"PRY","2016","29.7","4.2","10.6","27.5"
"PRY","2017","26.9","2.4","9.0","29.7"
"PRY","2018","25.3","3.1","8.7","26.9"
"PRY","2019","25.0","2.4","8.4","25.3"
"PRY","2020","27.9","2.6","9.3","25.0"
"PRY","2021","27.0","1.9","8.5","27.9"
"PRY","2022","25.8","3.2","8.8","27.0"
"PRY","2023","22.8","2.4","7.5","25.8"
"PRY","2024","20.5","2.1","6.4","22.8"
"PRY","2025","","","","20.5"
"SLV","1960","","","",""
"SLV","1961","","","",""
"SLV","1962","","","",""
"SLV","1963","","","",""
"SLV","1964","","","",""
"SLV","1965","","","",""
"SLV","1966","","","",""
"SLV","1967","","","",""
"SLV","1968","","","",""
"SLV","1969","","","",""
"SLV","1970","","","",""
"SLV","1971","","","",""
"SLV","1972","","","",""
"SLV","1973","","","",""
"SLV","1974","","","",""
"SLV","1975","","","",""
"SLV","1976","","","",""
"SLV","1977","","","",""
"SLV","1978","","","",""
"SLV","1979","","","",""
"SLV","1980","","","",""
"SLV","1981","","","",""
"SLV","1982","","","",""
"SLV","1983","","","",""
"SLV","1984","","","",""
"SLV","1985","","","",""
"SLV","1986","","","",""
"SLV","1987","","","",""
"SLV","1988","","","",""
"SLV","1989","63.5","24.8","33.6",""
"SLV","1990","","","","63.5"
"SLV","1991","70.5","28.9","38.6",""
"SLV","1992","","","","70.5"
"SLV","1993","","","",""
"SLV","1994","","","",""
"SLV","1995","63.2","19.3","30.8",""
"SLV","1996","64.3","21.2","32.0","63.2"
"SLV","1997","","","","64.3"
"SLV","1998","62.9","26.3","34.5",""
"SLV","1999","60.0","22.4","31.5","62.9"
"SLV","2000","56.0","18.4","27.2","60.0"
"SLV","2001","57.2","19.4","28.5","56.0"
"SLV","2002","56.8","19.5","28.7","57.2"
"SLV","2003","58.4","20.9","29.8","56.8"
"SLV","2004","56.9","16.3","26.7","58.4"
"SLV","2005","57.1","16.4","26.5","56.9"
"SLV","2006","56.2","12.6","23.9","57.1"
"SLV","2007","53.1","9.2","21.2","56.2"
"SLV","2008","56.0","12.6","24.3","53.1"
"SLV","2009","56.6","12.4","24.0","56.0"
"SLV","2010","54.8","11.4","23.0","56.6"
"SLV","2011","56.0","10.1","22.6","54.8"
"SLV","2012","53.5","8.5","20.9","56.0"
"SLV","2013","49.1","7.1","18.7","53.5"
"SLV","2014","49.3","7.0","18.5","49.1"
"SLV","2015","46.6","5.3","16.6","49.3"
"SLV","2016","44.9","5.8","16.4","46.6"
"SLV","2017","42.4","4.6","14.8","44.9"
"SLV","2018","39.1","4.1","13.4","42.4"
"SLV","2019","34.7","3.0","11.2","39.1"
"SLV","2020","1.4","1.5","","34.7"
"SLV","2021","33.5","5.1","12.3","1.4"
"SLV","2022","32.7","5.2","11.9","33.5"
"SLV","2023","29.9","4.6","10.6","32.7"
"SLV","2024","1.3","1.3","","29.9"
"SLV","2025","","","","1.3"
"SUR","1960","","","",""
"SUR","1961","","","",""
"SUR","1962","","","",""
"SUR","1963","","","",""
"SUR","1964","","","",""
"SUR","1965","","","",""
"SUR","1966","","","",""
"SUR","1967","","","",""
"SUR","1968","","","",""
"SUR","1969","","","",""
"SUR","1970","","","",""
"SUR","1971","","","",""
"SUR","1972","","","",""
"SUR","1973","","","",""
"SUR","1974","","","",""
"SUR","1975","","","",""
"SUR","1976","","","",""
"SUR","1977","","","",""
"SUR","1978","","","",""
"SUR","1979","","","",""
"SUR","1980","","","",""
"SUR","1981","","","",""
"SUR","1982","","","",""
"SUR","1983","","","",""
"SUR","1984","","","",""
"SUR","1985","","","",""
"SUR","1986","","","",""
"SUR","1987","","","",""
"SUR","1988","","","",""
"SUR","1989","","","",""
"SUR","1990","","","",""
"SUR","1991","","","",""
"SUR","1992","","","",""
"SUR","1993","","","",""
"SUR","1994","","","",""
"SUR","1995","","","",""
"SUR","1996","","","",""
"SUR","1997","","","",""
"SUR","1998","","","",""
"SUR","1999","46.9","20.6","27.6",""
"SUR","2000","","","","46.9"
"SUR","2001","","","",""
"SUR","2002","","","",""
"SUR","2003","","","",""
"SUR","2004","","","",""
"SUR","2005","","","",""
"SUR","2006","","","",""
"SUR","2007","","","",""
"SUR","2008","","","",""
"SUR","2009","","","",""
"SUR","2010","","","",""
"SUR","2011","","","",""
"SUR","2012","","","",""
"SUR","2013","","","",""
"SUR","2014","","","",""
"SUR","2015","","","",""
"SUR","2016","","","",""
"SUR","2017","","","",""
"SUR","2018","","","",""
"SUR","2019","","","",""
"SUR","2020","","","",""
"SUR","2021","","","",""
"SUR","2022","20.9","2.2","6.6",""
"SUR","2023","","","","20.9"
"SUR","2024","","","",""
"SUR","2025","","","",""
"TTO","1946","","","",""
"TTO","1960","","","",""
"TTO","1961","","","",""
"TTO","1962","","","",""
"TTO","1963","","","",""
"TTO","1964","","","",""
"TTO","1965","","","",""
"TTO","1966","","","",""
"TTO","1967","","","",""
"TTO","1968","","","",""
"TTO","1969","","","",""
"TTO","1970","","","",""
"TTO","1971","","","",""
"TTO","1972","","","",""
"TTO","1973","","","",""
"TTO","1974","","","",""
"TTO","1975","","","",""
"TTO","1976","","","",""
"TTO","1977","","","",""
"TTO","1978","","","",""
"TTO","1979","","","",""
"TTO","1980","","","",""
"TTO","1981","","","",""
"TTO","1982","","","",""
"TTO","1983","","","",""
"TTO","1984","","","",""
"TTO","1985","","","",""
"TTO","1986","","","",""
"TTO","1987","","","",""
"TTO","1988","20.5","0.6","6.7",""
"TTO","1989","","","","20.5"
"TTO","1990","","","",""
"TTO","1991","","","",""
"TTO","1992","30.5","3.2","10.7",""
"TTO","1993","","","","30.5"
"TTO","1994","","","",""
"TTO","1995","","","",""
"TTO","1996","","","",""
"TTO","1997","","","",""
"TTO","1998","","","",""
"TTO","1999","","","",""
"TTO","2000","","","",""
"TTO","2001","","","",""
"TTO","2002","","","",""
"TTO","2003","","","",""
"TTO","2004","","","",""
"TTO","2005","","","",""
"TTO","2006","","","",""
"TTO","2007","","","",""
"TTO","2008","","","",""
"TTO","2009","","","",""
"TTO","2010","","","",""
"TTO","2011","","","",""
"TTO","2012","","","",""
"TTO","2013","","","",""
"TTO","2014","","","",""
"TTO","2015","","","",""
"TTO","2016","","","",""
"TTO","2017","","","",""
"TTO","2018","","","",""
"TTO","2019","","","",""
"TTO","2020","","","",""
"TTO","2021","","","",""
"TTO","2022","","","",""
"TTO","2023","","","",""
"TTO","2024","","","",""
"TTO","2025","","","",""
"URY","1960","","","",""
"URY","1961","","","",""
"URY","1962","","","",""
"URY","1963","","","",""
"URY","1964","","","",""
"URY","1965","","","",""
"URY","1966","","","",""
"URY","1967","","","",""
"URY","1968","","","",""
"URY","1969","","","",""
"URY","1970","","","",""
"URY","1971","","","",""
"URY","1972","","","",""
"URY","1973","","","",""
"URY","1974","","","",""
"URY","1975","","","",""
"URY","1976","","","",""
"URY","1977","","","",""
"URY","1978","","","",""
"URY","1979","","","",""
"URY","1980","","","",""
"URY","1981","17.1","0.0","5.2",""
"URY","1982","","","","17.1"
"URY","1983","","","",""
"URY","1984","","","",""
"URY","1985","","","",""
"URY","1986","","","",""
"URY","1987","","","",""
"URY","1988","","","",""
"URY","1989","13.3","1.0","4.1",""
"URY","1990","","","","13.3"
"URY","1991","","","",""
"URY","1992","11.0","0.9","3.4",""
"URY","1993","","","","11.0"
"URY","1994","","","",""
"URY","1995","10.9","0.8","3.2",""
"URY","1996","11.5","0.9","3.5","10.9"
"URY","1997","11.8","0.7","3.4","11.5"
"URY","1998","11.7","0.9","3.4","11.8"
"URY","1999","","","","11.7"
"URY","2000","11.7","0.8","3.4",""
"URY","2001","14.0","0.7","4.1","11.7"
"URY","2002","18.3","1.1","5.4","14.0"
"URY","2003","24.3","1.5","7.2","18.3"
"URY","2004","25.0","1.7","8.0","24.3"
"URY","2005","22.5","1.5","7.2","25.0"
"URY","2006","22.1","1.0","6.5","22.5"
"URY","2007","19.4","0.7","5.5","22.1"
"URY","2008","14.6","0.4","3.8","19.4"
"URY","2009","13.4","0.4","3.6","14.6"
"URY","2010","11.9","0.3","3.0","13.4"
"URY","2011","8.4","0.2","2.2","11.9"
"URY","2012","7.8","0.3","2.0","8.4"
"URY","2013","7.2","0.3","1.9","7.8"
"URY","2014","6.2","0.2","1.5","7.2"
"URY","2015","5.9","0.2","1.5","6.2"
"URY","2016","5.6","0.1","1.3","5.9"
"URY","2017","4.5","0.1","1.0","5.6"
"URY","2018","4.9","0.1","1.0","4.5"
"URY","2019","5.0","0.1","1.1","4.9"
"URY","2020","7.1","0.3","1.7","5.0"
"URY","2021","6.7","0.2","1.6","7.1"
"URY","2022","6.3","0.2","1.5","6.7"
"URY","2023","6.6","0.2","1.6","6.3"
"URY","2024","5.9","0.2","1.4","6.6"
"URY","2025","","","","5.9"
"VEN","1960","","","",""
"VEN","1961","","","",""
"VEN","1962","","","",""
"VEN","1963","","","",""
"VEN","1964","","","",""
"VEN","1965","","","",""
"VEN","1966","","","",""
"VEN","1967","","","",""
"VEN","1968","","","",""
"VEN","1969","","","",""
"VEN","1970","","","",""
"VEN","1971","","","",""
"VEN","1972","","","",""
"VEN","1973","","","",""
"VEN","1974","","","",""
"VEN","1975","","","",""
"VEN","1976","","","",""
"VEN","1977","","","",""
"VEN","1978","","","",""
"VEN","1979","","","",""
"VEN","1980","","","",""
"VEN","1981","42.3","11.3","18.9",""
"VEN","1982","","","","42.3"
"VEN","1983","","","",""
"VEN","1984","","","",""
"VEN","1985","","","",""
"VEN","1986","","","",""
"VEN","1987","45.3","12.3","20.5",""
"VEN","1988","","","","45.3"
"VEN","1989","36.8","7.3","15.0",""
"VEN","1990","","","","36.8"
"VEN","1991","","","",""
"VEN","1992","39.1","6.9","15.2",""
"VEN","1993","","","","39.1"
"VEN","1994","","","",""
"VEN","1995","55.8","15.1","25.5",""
"VEN","1996","","","","55.8"
"VEN","1997","","","",""
"VEN","1998","52.6","14.9","24.7",""
"VEN","1999","58.1","16.7","27.3","52.6"
"VEN","2000","","","","58.1"
"VEN","2001","55.3","14.7","25.5",""
"VEN","2002","64.7","22.1","32.9","55.3"
"VEN","2003","70.8","27.1","37.4","64.7"
"VEN","2004","65.7","22.8","33.2","70.8"
"VEN","2005","55.7","18.1","27.7","65.7"
"VEN","2006","43.3","9.7","18.4","55.7"
"VEN","2007","","","","43.3"
"VEN","2008","","","",""
"VEN","2009","","","",""
"VEN","2010","","","",""
"VEN","2011","","","",""
"VEN","2012","","","",""
"VEN","2013","","","",""
"VEN","2014","","","",""
"VEN","2015","","","",""
"VEN","2016","","","",""
"VEN","2017","","","",""
"VEN","2018","","","",""
"VEN","2019","","","",""
"VEN","2020","","","",""
"VEN","2021","","","",""
"VEN","2022","","","",""
"VEN","2023","","","",""
"VEN","2024","","","",""
"VEN","2025","","","",""
