"iso3","year","labor_informality","labor_informality_lag1","informality_x_social_protection"
"ARG","1960","","",""
"ARG","1961","","",""
"ARG","1962","","",""
"ARG","1963","","",""
"ARG","1964","","",""
"ARG","1965","","",""
"ARG","1966","","",""
"ARG","1967","","",""
"ARG","1968","","",""
"ARG","1969","","",""
"ARG","1970","","",""
"ARG","1971","","",""
"ARG","1972","","",""
"ARG","1973","","",""
"ARG","1974","","",""
"ARG","1975","","",""
"ARG","1976","","",""
"ARG","1977","","",""
"ARG","1978","","",""
"ARG","1979","","",""
"ARG","1980","","",""
"ARG","1981","","",""
"ARG","1982","","",""
"ARG","1983","","",""
"ARG","1984","","",""
"ARG","1985","","",""
"ARG","1986","","",""
"ARG","1987","","",""
"ARG","1988","","",""
"ARG","1989","","",""
"ARG","1990","","",""
"ARG","1991","","",""
"ARG","1992","","",""
"ARG","1993","","",""
"ARG","1994","","",""
"ARG","1995","","",""
"ARG","1996","","",""
"ARG","1997","","",""
"ARG","1998","","",""
"ARG","1999","","",""
"ARG","2000","","",""
"ARG","2001","","",""
"ARG","2002","","",""
"ARG","2003","61.657","",""
"ARG","2004","60.403","61.657",""
"ARG","2005","58.812","60.403",""
"ARG","2006","56.024","58.812","18.67606809708665"
"ARG","2007","53.73266666666667","56.024",""
"ARG","2008","51.14","53.73266666666667",""
"ARG","2009","50.513","51.14",""
"ARG","2010","49.336","50.513","18.649504852660503"
"ARG","2011","48.498","49.336","20.43595463978431"
"ARG","2012","48.474","48.498","19.90099581997842"
"ARG","2013","48.05","48.474","22.276364616933456"
"ARG","2014","47.444","48.05","21.20452041381936"
"ARG","2015","46.142","47.444",""
"ARG","2016","47.775666666666666","46.142","24.973943527008256"
"ARG","2017","48.563","47.775666666666666","25.655806308106072"
"ARG","2018","48.73","48.563","25.7522409476545"
"ARG","2019","49.918","48.73","27.089184713913852"
"ARG","2020","46.981","49.918","29.526803746133044"
"ARG","2021","49.142","46.981","26.843037187508962"
"ARG","2022","51.196","49.142","28.993935775447493"
"ARG","2023","50.445","51.196",""
"ARG","2024","51.576","50.445",""
"ARG","2025","52.818","51.576",""
"BHS","1953","","",""
"BHS","1960","","",""
"BHS","1961","","",""
"BHS","1962","","",""
"BHS","1963","","",""
"BHS","1964","","",""
"BHS","1965","","",""
"BHS","1966","","",""
"BHS","1967","","",""
"BHS","1968","","",""
"BHS","1969","","",""
"BHS","1970","","",""
"BHS","1971","","",""
"BHS","1972","","",""
"BHS","1973","","",""
"BHS","1974","","",""
"BHS","1975","","",""
"BHS","1976","","",""
"BHS","1977","","",""
"BHS","1978","","",""
"BHS","1979","","",""
"BHS","1980","","",""
"BHS","1981","","",""
"BHS","1982","","",""
"BHS","1983","","",""
"BHS","1984","","",""
"BHS","1985","","",""
"BHS","1986","","",""
"BHS","1987","","",""
"BHS","1988","","",""
"BHS","1989","","",""
"BHS","1990","","",""
"BHS","1991","","",""
"BHS","1992","","",""
"BHS","1993","","",""
"BHS","1994","","",""
"BHS","1995","","",""
"BHS","1996","","",""
"BHS","1997","","",""
"BHS","1998","","",""
"BHS","1999","","",""
"BHS","2000","","",""
"BHS","2001","","",""
"BHS","2002","","",""
"BHS","2003","","",""
"BHS","2004","","",""
"BHS","2005","","",""
"BHS","2006","","",""
"BHS","2007","","",""
"BHS","2008","","",""
"BHS","2009","","",""
"BHS","2010","","",""
"BHS","2011","","",""
"BHS","2012","","",""
"BHS","2013","","",""
"BHS","2014","","",""
"BHS","2015","","",""
"BHS","2016","","",""
"BHS","2017","","",""
"BHS","2018","","",""
"BHS","2019","18.324666666666666","",""
"BHS","2020","","18.324666666666666",""
"BHS","2021","","",""
"BHS","2022","","",""
"BHS","2023","","",""
"BHS","2024","","",""
"BHS","2025","","",""
"BLZ","1960","","",""
"BLZ","1961","","",""
"BLZ","1962","","",""
"BLZ","1963","","",""
"BLZ","1964","","",""
"BLZ","1965","","",""
"BLZ","1966","","",""
"BLZ","1967","","",""
"BLZ","1968","","",""
"BLZ","1969","","",""
"BLZ","1970","","",""
"BLZ","1971","","",""
"BLZ","1972","","",""
"BLZ","1973","","",""
"BLZ","1974","","",""
"BLZ","1975","","",""
"BLZ","1976","","",""
"BLZ","1977","","",""
"BLZ","1978","","",""
"BLZ","1979","","",""
"BLZ","1980","","",""
"BLZ","1981","","",""
"BLZ","1982","","",""
"BLZ","1983","","",""
"BLZ","1984","","",""
"BLZ","1985","","",""
"BLZ","1986","","",""
"BLZ","1987","","",""
"BLZ","1988","","",""
"BLZ","1989","","",""
"BLZ","1990","","",""
"BLZ","1991","","",""
"BLZ","1992","","",""
"BLZ","1993","","",""
"BLZ","1994","","",""
"BLZ","1995","","",""
"BLZ","1996","","",""
"BLZ","1997","","",""
"BLZ","1998","","",""
"BLZ","1999","","",""
"BLZ","2000","","",""
"BLZ","2001","","",""
"BLZ","2002","","",""
"BLZ","2003","","",""
"BLZ","2004","","",""
"BLZ","2005","","",""
"BLZ","2006","","",""
"BLZ","2007","","",""
"BLZ","2008","","",""
"BLZ","2009","","",""
"BLZ","2010","","",""
"BLZ","2011","","",""
"BLZ","2012","","",""
"BLZ","2013","","",""
"BLZ","2014","","",""
"BLZ","2015","","",""
"BLZ","2016","","",""
"BLZ","2017","","",""
"BLZ","2018","","",""
"BLZ","2019","","",""
"BLZ","2020","","",""
"BLZ","2021","","",""
"BLZ","2022","","",""
"BLZ","2023","","",""
"BLZ","2024","","",""
"BLZ","2025","","",""
"BOL","1950","","",""
"BOL","1960","","",""
"BOL","1961","","",""
"BOL","1962","","",""
"BOL","1963","","",""
"BOL","1964","","",""
"BOL","1965","","",""
"BOL","1966","","",""
"BOL","1967","","",""
"BOL","1968","","",""
"BOL","1969","","",""
"BOL","1970","","",""
"BOL","1971","","",""
"BOL","1972","","",""
"BOL","1973","","",""
"BOL","1974","","",""
"BOL","1975","","",""
"BOL","1976","","",""
"BOL","1977","","",""
"BOL","1978","","",""
"BOL","1979","","",""
"BOL","1980","","",""
"BOL","1981","","",""
"BOL","1982","","",""
"BOL","1983","","",""
"BOL","1984","","",""
"BOL","1985","","",""
"BOL","1986","","",""
"BOL","1987","","",""
"BOL","1988","","",""
"BOL","1989","","",""
"BOL","1990","","",""
"BOL","1991","","",""
"BOL","1992","","",""
"BOL","1993","","",""
"BOL","1994","","",""
"BOL","1995","","",""
"BOL","1996","","",""
"BOL","1997","","",""
"BOL","1998","","",""
"BOL","1999","84.13133333333333","",""
"BOL","2000","70.449","84.13133333333333",""
"BOL","2001","75.06266666666667","70.449",""
"BOL","2002","77.69033333333333","75.06266666666667",""
"BOL","2003","","77.69033333333333",""
"BOL","2004","87.722","",""
"BOL","2005","95.818","87.722",""
"BOL","2006","96.148","95.818","15.514864659145967"
"BOL","2007","84.26","96.148","49.16817336243757"
"BOL","2008","85.941","84.26","63.11551068210306"
"BOL","2009","84.162","85.941","66.55790690562856"
"BOL","2010","","84.162",""
"BOL","2011","83.36066666666666","","63.75317707423537"
"BOL","2012","82.126","83.36066666666666","63.03551602667836"
"BOL","2013","80.434","82.126",""
"BOL","2014","85.215","80.434","66.51729285837855"
"BOL","2015","83.99566666666666","85.215","64.18778948958543"
"BOL","2016","76.249","83.99566666666666","64.30271451524516"
"BOL","2017","79.117","76.249","65.68387642179746"
"BOL","2018","80.701","79.117","67.47803836335758"
"BOL","2019","81.494","80.701","63.55952173308193"
"BOL","2020","82.744","81.494","81.07842866881391"
"BOL","2021","48.825","82.744","47.32984740996753"
"BOL","2022","84.316","48.825",""
"BOL","2023","83.882","84.316",""
"BOL","2024","83.875","83.882",""
"BOL","2025","85.715","83.875",""
"BRA","1960","","",""
"BRA","1961","","",""
"BRA","1962","","",""
"BRA","1963","","",""
"BRA","1964","","",""
"BRA","1965","","",""
"BRA","1966","","",""
"BRA","1967","","",""
"BRA","1968","","",""
"BRA","1969","","",""
"BRA","1970","","",""
"BRA","1971","","",""
"BRA","1972","","",""
"BRA","1973","","",""
"BRA","1974","","",""
"BRA","1975","","",""
"BRA","1976","","",""
"BRA","1977","","",""
"BRA","1978","","",""
"BRA","1979","","",""
"BRA","1980","","",""
"BRA","1981","","",""
"BRA","1982","","",""
"BRA","1983","","",""
"BRA","1984","","",""
"BRA","1985","","",""
"BRA","1986","","",""
"BRA","1987","","",""
"BRA","1988","","",""
"BRA","1989","","",""
"BRA","1990","","",""
"BRA","1991","","",""
"BRA","1992","","",""
"BRA","1993","","",""
"BRA","1994","","",""
"BRA","1995","","",""
"BRA","1996","","",""
"BRA","1997","","",""
"BRA","1998","","",""
"BRA","1999","","",""
"BRA","2000","","",""
"BRA","2001","","",""
"BRA","2002","","",""
"BRA","2003","","",""
"BRA","2004","","",""
"BRA","2005","","",""
"BRA","2006","","",""
"BRA","2007","","",""
"BRA","2008","","",""
"BRA","2009","48.768","","22.17001835507775"
"BRA","2010","","48.768",""
"BRA","2011","44.96266666666667","","20.387817732492948"
"BRA","2012","43.967666666666666","44.96266666666667","20.390700856600773"
"BRA","2013","42.897666666666666","43.967666666666666",""
"BRA","2014","43.466","42.897666666666666",""
"BRA","2015","43.506","43.466","23.41001790559967"
"BRA","2016","36.911","43.506","18.731928567460997"
"BRA","2017","38.194","36.911","19.283015405263562"
"BRA","2018","38.691","38.194","19.706894870012178"
"BRA","2019","38.913","38.691","19.66410740609856"
"BRA","2020","36.73","38.913","25.397374915390497"
"BRA","2021","38.276","36.73","20.114832282711472"
"BRA","2022","37.634","38.276","19.668764164143703"
"BRA","2023","37.035","37.634",""
"BRA","2024","36.504","37.035",""
"BRA","2025","35.615","36.504",""
"BRB","1960","","",""
"BRB","1961","","",""
"BRB","1962","","",""
"BRB","1963","","",""
"BRB","1964","","",""
"BRB","1965","","",""
"BRB","1966","","",""
"BRB","1967","","",""
"BRB","1968","","",""
"BRB","1969","","",""
"BRB","1970","","",""
"BRB","1971","","",""
"BRB","1972","","",""
"BRB","1973","","",""
"BRB","1974","","",""
"BRB","1975","","",""
"BRB","1976","","",""
"BRB","1977","","",""
"BRB","1978","","",""
"BRB","1979","","",""
"BRB","1980","","",""
"BRB","1981","","",""
"BRB","1982","","",""
"BRB","1983","","",""
"BRB","1984","","",""
"BRB","1985","","",""
"BRB","1986","","",""
"BRB","1987","","",""
"BRB","1988","","",""
"BRB","1989","","",""
"BRB","1990","","",""
"BRB","1991","","",""
"BRB","1992","","",""
"BRB","1993","","",""
"BRB","1994","","",""
"BRB","1995","","",""
"BRB","1996","","",""
"BRB","1997","","",""
"BRB","1998","","",""
"BRB","1999","","",""
"BRB","2000","","",""
"BRB","2001","","",""
"BRB","2002","","",""
"BRB","2003","","",""
"BRB","2004","","",""
"BRB","2005","","",""
"BRB","2006","","",""
"BRB","2007","","",""
"BRB","2008","","",""
"BRB","2009","","",""
"BRB","2010","","",""
"BRB","2011","","",""
"BRB","2012","","",""
"BRB","2013","","",""
"BRB","2014","","",""
"BRB","2015","","",""
"BRB","2016","61.90766666666666","",""
"BRB","2017","","61.90766666666666",""
"BRB","2018","","",""
"BRB","2019","","",""
"BRB","2020","","",""
"BRB","2021","","",""
"BRB","2022","","",""
"BRB","2023","","",""
"BRB","2024","","",""
"BRB","2025","","",""
"CHL","1952","","",""
"CHL","1960","","",""
"CHL","1961","","",""
"CHL","1962","","",""
"CHL","1963","","",""
"CHL","1964","","",""
"CHL","1965","","",""
"CHL","1966","","",""
"CHL","1967","","",""
"CHL","1968","","",""
"CHL","1969","","",""
"CHL","1970","","",""
"CHL","1971","","",""
"CHL","1972","","",""
"CHL","1973","","",""
"CHL","1974","","",""
"CHL","1975","","",""
"CHL","1976","","",""
"CHL","1977","","",""
"CHL","1978","","",""
"CHL","1979","","",""
"CHL","1980","","",""
"CHL","1981","","",""
"CHL","1982","","",""
"CHL","1983","","",""
"CHL","1984","","",""
"CHL","1985","","",""
"CHL","1986","","",""
"CHL","1987","","",""
"CHL","1988","","",""
"CHL","1989","","",""
"CHL","1990","","",""
"CHL","1991","","",""
"CHL","1992","","",""
"CHL","1993","","",""
"CHL","1994","","",""
"CHL","1995","","",""
"CHL","1996","","",""
"CHL","1997","","",""
"CHL","1998","","",""
"CHL","1999","","",""
"CHL","2000","","",""
"CHL","2001","","",""
"CHL","2002","","",""
"CHL","2003","","",""
"CHL","2004","","",""
"CHL","2005","","",""
"CHL","2006","","",""
"CHL","2007","","",""
"CHL","2008","","",""
"CHL","2009","","",""
"CHL","2010","42.099","",""
"CHL","2011","39.869","42.099","33.26396016642867"
"CHL","2012","38.467","39.869",""
"CHL","2013","38.457","38.467","34.0502747170561"
"CHL","2014","38.895","38.457",""
"CHL","2015","39.007","38.895","34.217905537063196"
"CHL","2016","39.547","39.007",""
"CHL","2017","52.48333333333333","39.547","48.503748523928216"
"CHL","2018","28.133","52.48333333333333",""
"CHL","2019","28.066","28.133",""
"CHL","2020","25.83","28.066","20.080470850433993"
"CHL","2021","27.354","25.83",""
"CHL","2022","27.355","27.354","23.41207895414873"
"CHL","2023","27.355","27.355",""
"CHL","2024","27.458","27.355",""
"CHL","2025","26.368","27.458",""
"COL","1951","","",""
"COL","1960","","",""
"COL","1961","","",""
"COL","1962","","",""
"COL","1963","","",""
"COL","1964","","",""
"COL","1965","","",""
"COL","1966","","",""
"COL","1967","","",""
"COL","1968","","",""
"COL","1969","","",""
"COL","1970","","",""
"COL","1971","","",""
"COL","1972","","",""
"COL","1973","","",""
"COL","1974","","",""
"COL","1975","","",""
"COL","1976","","",""
"COL","1977","","",""
"COL","1978","","",""
"COL","1979","","",""
"COL","1980","","",""
"COL","1981","","",""
"COL","1982","","",""
"COL","1983","","",""
"COL","1984","","",""
"COL","1985","","",""
"COL","1986","","",""
"COL","1987","","",""
"COL","1988","","",""
"COL","1989","","",""
"COL","1990","","",""
"COL","1991","","",""
"COL","1992","","",""
"COL","1993","","",""
"COL","1994","","",""
"COL","1995","","",""
"COL","1996","","",""
"COL","1997","","",""
"COL","1998","","",""
"COL","1999","","",""
"COL","2000","","",""
"COL","2001","","",""
"COL","2002","","",""
"COL","2003","","",""
"COL","2004","","",""
"COL","2005","","",""
"COL","2006","71.569","",""
"COL","2007","67.078","71.569",""
"COL","2008","66.839","67.078",""
"COL","2009","68.763","66.839",""
"COL","2010","68.069","68.763","35.60239449587696"
"COL","2011","67.371","68.069","34.761350942929155"
"COL","2012","66.953","67.371","32.71597830932794"
"COL","2013","65.045","66.953",""
"COL","2014","63.429","65.045","41.65806224679025"
"COL","2015","63.208","63.429","22.918242301283176"
"COL","2016","62.419","63.208","21.50071274365281"
"COL","2017","62.192","62.419","20.914719856976014"
"COL","2018","62.421","62.192","20.308676681323977"
"COL","2019","61.95","62.421","19.536551776604007"
"COL","2020","63.563","61.95","20.219591657282386"
"COL","2021","63.242","63.563","26.218031872589822"
"COL","2022","58.150000000000006","63.242","23.831167788014767"
"COL","2023","56.506","58.150000000000006",""
"COL","2024","56.143","56.506",""
"COL","2025","56.012","56.143",""
"CRI","1960","","",""
"CRI","1961","","",""
"CRI","1962","","",""
"CRI","1963","","",""
"CRI","1964","","",""
"CRI","1965","","",""
"CRI","1966","","",""
"CRI","1967","","",""
"CRI","1968","","",""
"CRI","1969","","",""
"CRI","1970","","",""
"CRI","1971","","",""
"CRI","1972","","",""
"CRI","1973","","",""
"CRI","1974","","",""
"CRI","1975","","",""
"CRI","1976","","",""
"CRI","1977","","",""
"CRI","1978","","",""
"CRI","1979","","",""
"CRI","1980","","",""
"CRI","1981","","",""
"CRI","1982","","",""
"CRI","1983","","",""
"CRI","1984","","",""
"CRI","1985","","",""
"CRI","1986","","",""
"CRI","1987","","",""
"CRI","1988","","",""
"CRI","1989","","",""
"CRI","1990","","",""
"CRI","1991","","",""
"CRI","1992","","",""
"CRI","1993","","",""
"CRI","1994","","",""
"CRI","1995","","",""
"CRI","1996","","",""
"CRI","1997","","",""
"CRI","1998","","",""
"CRI","1999","","",""
"CRI","2000","","",""
"CRI","2001","","",""
"CRI","2002","","",""
"CRI","2003","","",""
"CRI","2004","","",""
"CRI","2005","","",""
"CRI","2006","","",""
"CRI","2007","","",""
"CRI","2008","","",""
"CRI","2009","","",""
"CRI","2010","37.852","","25.41836582189762"
"CRI","2011","37.072","37.852","25.188873673534587"
"CRI","2012","39.113","37.072","26.33531245044247"
"CRI","2013","40.871","39.113",""
"CRI","2014","41.22","40.871","27.465598235451477"
"CRI","2015","42.052","41.22","30.28272955974843"
"CRI","2016","40.161","42.052","29.401170452951316"
"CRI","2017","40.73","40.161","30.363294646555328"
"CRI","2018","40.919","40.73","30.26529155963262"
"CRI","2019","41.847","40.919","30.785555912901504"
"CRI","2020","40.016","41.847","33.17893085951595"
"CRI","2021","41.315","40.016","29.349426242431235"
"CRI","2022","39.869","41.315","28.26533662144693"
"CRI","2023","37.102","39.869",""
"CRI","2024","37.376","37.102",""
"CRI","2025","36.11","37.376",""
"CUB","1960","","",""
"CUB","1961","","",""
"CUB","1962","","",""
"CUB","1963","","",""
"CUB","1964","","",""
"CUB","1965","","",""
"CUB","1966","","",""
"CUB","1967","","",""
"CUB","1968","","",""
"CUB","1969","","",""
"CUB","1970","","",""
"CUB","1971","","",""
"CUB","1972","","",""
"CUB","1973","","",""
"CUB","1974","","",""
"CUB","1975","","",""
"CUB","1976","","",""
"CUB","1977","","",""
"CUB","1978","","",""
"CUB","1979","","",""
"CUB","1980","","",""
"CUB","1981","","",""
"CUB","1982","","",""
"CUB","1983","","",""
"CUB","1984","","",""
"CUB","1985","","",""
"CUB","1986","","",""
"CUB","1987","","",""
"CUB","1988","","",""
"CUB","1989","","",""
"CUB","1990","","",""
"CUB","1991","","",""
"CUB","1992","","",""
"CUB","1993","","",""
"CUB","1994","","",""
"CUB","1995","","",""
"CUB","1996","","",""
"CUB","1997","","",""
"CUB","1998","","",""
"CUB","1999","","",""
"CUB","2000","","",""
"CUB","2001","","",""
"CUB","2002","","",""
"CUB","2003","","",""
"CUB","2004","","",""
"CUB","2005","","",""
"CUB","2006","","",""
"CUB","2007","","",""
"CUB","2008","","",""
"CUB","2009","","",""
"CUB","2010","","",""
"CUB","2011","","",""
"CUB","2012","","",""
"CUB","2013","","",""
"CUB","2014","","",""
"CUB","2015","","",""
"CUB","2016","","",""
"CUB","2017","","",""
"CUB","2018","","",""
"CUB","2019","","",""
"CUB","2020","","",""
"CUB","2021","","",""
"CUB","2022","","",""
"CUB","2023","","",""
"CUB","2024","","",""
"CUB","2025","","",""
"DOM","1960","","",""
"DOM","1961","","",""
"DOM","1962","","",""
"DOM","1963","","",""
"DOM","1964","","",""
"DOM","1965","","",""
"DOM","1966","","",""
"DOM","1967","","",""
"DOM","1968","","",""
"DOM","1969","","",""
"DOM","1970","","",""
"DOM","1971","","",""
"DOM","1972","","",""
"DOM","1973","","",""
"DOM","1974","","",""
"DOM","1975","","",""
"DOM","1976","","",""
"DOM","1977","","",""
"DOM","1978","","",""
"DOM","1979","","",""
"DOM","1980","","",""
"DOM","1981","","",""
"DOM","1982","","",""
"DOM","1983","","",""
"DOM","1984","","",""
"DOM","1985","","",""
"DOM","1986","","",""
"DOM","1987","","",""
"DOM","1988","","",""
"DOM","1989","","",""
"DOM","1990","","",""
"DOM","1991","","",""
"DOM","1992","","",""
"DOM","1993","","",""
"DOM","1994","","",""
"DOM","1995","","",""
"DOM","1996","","",""
"DOM","1997","","",""
"DOM","1998","","",""
"DOM","1999","","",""
"DOM","2000","90.40433333333334","",""
"DOM","2001","88.418","90.40433333333334",""
"DOM","2002","91.008","88.418",""
"DOM","2003","89.802","91.008",""
"DOM","2004","89.41366666666667","89.802",""
"DOM","2005","70.46733333333333","89.41366666666667",""
"DOM","2006","65.381","70.46733333333333",""
"DOM","2007","57.701","65.381","8.792589111104578"
"DOM","2008","57.991","57.701","13.422443029238174"
"DOM","2009","55.012","57.991","16.34072577564094"
"DOM","2010","53.945","55.012","17.654659115503378"
"DOM","2011","56.171","53.945","17.568040464583923"
"DOM","2012","56.26","56.171","19.999442705384364"
"DOM","2013","55.900000000000006","56.26","18.470718109287052"
"DOM","2014","54.245","55.900000000000006","18.733077261549305"
"DOM","2015","56.274","54.245","17.47062369699799"
"DOM","2016","56.327","56.274","33.31118124667522"
"DOM","2017","57.168","56.327","29.87431078520816"
"DOM","2018","56.79","57.168","30.233922463180523"
"DOM","2019","54.284","56.79","26.901213623820983"
"DOM","2020","54.453","54.284",""
"DOM","2021","57.314","54.453","29.27171198848599"
"DOM","2022","56.457","57.314",""
"DOM","2023","55.676","56.457",""
"DOM","2024","54.704","55.676",""
"DOM","2025","53.504","54.704",""
"ECU","1960","","",""
"ECU","1961","","",""
"ECU","1962","","",""
"ECU","1963","","",""
"ECU","1964","","",""
"ECU","1965","","",""
"ECU","1966","","",""
"ECU","1967","","",""
"ECU","1968","","",""
"ECU","1969","","",""
"ECU","1970","","",""
"ECU","1971","","",""
"ECU","1972","","",""
"ECU","1973","","",""
"ECU","1974","","",""
"ECU","1975","","",""
"ECU","1976","","",""
"ECU","1977","","",""
"ECU","1978","","",""
"ECU","1979","","",""
"ECU","1980","","",""
"ECU","1981","","",""
"ECU","1982","","",""
"ECU","1983","","",""
"ECU","1984","","",""
"ECU","1985","","",""
"ECU","1986","","",""
"ECU","1987","","",""
"ECU","1988","","",""
"ECU","1989","","",""
"ECU","1990","","",""
"ECU","1991","","",""
"ECU","1992","","",""
"ECU","1993","","",""
"ECU","1994","","",""
"ECU","1995","","",""
"ECU","1996","","",""
"ECU","1997","","",""
"ECU","1998","","",""
"ECU","1999","","",""
"ECU","2000","","",""
"ECU","2001","76.14","",""
"ECU","2002","","76.14",""
"ECU","2003","74.667","",""
"ECU","2004","75.202","74.667",""
"ECU","2005","74.66666666666667","75.202",""
"ECU","2006","74.846","74.66666666666667",""
"ECU","2007","74.162","74.846",""
"ECU","2008","72.591","74.162","45.7996248669401"
"ECU","2009","70.291","72.591",""
"ECU","2010","66.803","70.291","47.040227016142424"
"ECU","2011","63.426","66.803","28.496167890061905"
"ECU","2012","61.239","63.426","45.30439195728032"
"ECU","2013","60.02","61.239",""
"ECU","2014","57.92933333333333","60.02","44.22004563312918"
"ECU","2015","58.239666666666665","57.92933333333333","43.66116950979417"
"ECU","2016","61.00533333333333","58.239666666666665","45.02360152740266"
"ECU","2017","62.54666666666667","61.00533333333333","46.882601322373255"
"ECU","2018","62.64533333333333","62.54666666666667","20.090184783886144"
"ECU","2019","63.49266666666667","62.64533333333333","21.346272659986752"
"ECU","2020","68.926","63.49266666666667","31.842131216931215"
"ECU","2021","68.63466666666667","68.926","30.650670722014947"
"ECU","2022","68.695","68.63466666666667","28.229375706095396"
"ECU","2023","68.15066666666667","68.695",""
"ECU","2024","68.63966666666667","68.15066666666667",""
"ECU","2025","68.45","68.63966666666667",""
"GTM","1960","","",""
"GTM","1961","","",""
"GTM","1962","","",""
"GTM","1963","","",""
"GTM","1964","","",""
"GTM","1965","","",""
"GTM","1966","","",""
"GTM","1967","","",""
"GTM","1968","","",""
"GTM","1969","","",""
"GTM","1970","","",""
"GTM","1971","","",""
"GTM","1972","","",""
"GTM","1973","","",""
"GTM","1974","","",""
"GTM","1975","","",""
"GTM","1976","","",""
"GTM","1977","","",""
"GTM","1978","","",""
"GTM","1979","","",""
"GTM","1980","","",""
"GTM","1981","","",""
"GTM","1982","","",""
"GTM","1983","","",""
"GTM","1984","","",""
"GTM","1985","","",""
"GTM","1986","","",""
"GTM","1987","","",""
"GTM","1988","","",""
"GTM","1989","","",""
"GTM","1990","","",""
"GTM","1991","","",""
"GTM","1992","","",""
"GTM","1993","","",""
"GTM","1994","","",""
"GTM","1995","","",""
"GTM","1996","","",""
"GTM","1997","","",""
"GTM","1998","","",""
"GTM","1999","","",""
"GTM","2000","","",""
"GTM","2001","","",""
"GTM","2002","81.882","",""
"GTM","2003","81.109","81.882",""
"GTM","2004","81.206","81.109",""
"GTM","2005","","81.206",""
"GTM","2006","80.127","","40.53548833736053"
"GTM","2007","","80.127",""
"GTM","2008","","",""
"GTM","2009","","",""
"GTM","2010","80.929","",""
"GTM","2011","81.208","80.929","51.82179673399843"
"GTM","2012","82.655","81.208",""
"GTM","2013","80.532","82.655",""
"GTM","2014","78.064","80.532","49.38977497715544"
"GTM","2015","79.179","78.064",""
"GTM","2016","79.206","79.179",""
"GTM","2017","80.107","79.206",""
"GTM","2018","80.564","80.107",""
"GTM","2019","78.985","80.564",""
"GTM","2020","","78.985",""
"GTM","2021","81.935","",""
"GTM","2022","79.727","81.935",""
"GTM","2023","83.18766666666666","79.727",""
"GTM","2024","75.932","83.18766666666666",""
"GTM","2025","","75.932",""
"GUY","1960","","",""
"GUY","1961","","",""
"GUY","1962","","",""
"GUY","1963","","",""
"GUY","1964","","",""
"GUY","1965","","",""
"GUY","1966","","",""
"GUY","1967","","",""
"GUY","1968","","",""
"GUY","1969","","",""
"GUY","1970","","",""
"GUY","1971","","",""
"GUY","1972","","",""
"GUY","1973","","",""
"GUY","1974","","",""
"GUY","1975","","",""
"GUY","1976","","",""
"GUY","1977","","",""
"GUY","1978","","",""
"GUY","1979","","",""
"GUY","1980","","",""
"GUY","1981","","",""
"GUY","1982","","",""
"GUY","1983","","",""
"GUY","1984","","",""
"GUY","1985","","",""
"GUY","1986","","",""
"GUY","1987","","",""
"GUY","1988","","",""
"GUY","1989","","",""
"GUY","1990","","",""
"GUY","1991","","",""
"GUY","1992","","",""
"GUY","1993","","",""
"GUY","1994","","",""
"GUY","1995","","",""
"GUY","1996","","",""
"GUY","1997","","",""
"GUY","1998","","",""
"GUY","1999","","",""
"GUY","2000","","",""
"GUY","2001","","",""
"GUY","2002","","",""
"GUY","2003","","",""
"GUY","2004","","",""
"GUY","2005","","",""
"GUY","2006","","",""
"GUY","2007","","",""
"GUY","2008","","",""
"GUY","2009","","",""
"GUY","2010","","",""
"GUY","2011","","",""
"GUY","2012","","",""
"GUY","2013","","",""
"GUY","2014","","",""
"GUY","2015","","",""
"GUY","2016","","",""
"GUY","2017","50.808","",""
"GUY","2018","52.428333333333335","50.808",""
"GUY","2019","51.10066666666667","52.428333333333335",""
"GUY","2020","53.254","51.10066666666667",""
"GUY","2021","51.248","53.254",""
"GUY","2022","","51.248",""
"GUY","2023","","",""
"GUY","2024","","",""
"GUY","2025","","",""
"HND","1960","","",""
"HND","1961","","",""
"HND","1962","","",""
"HND","1963","","",""
"HND","1964","","",""
"HND","1965","","",""
"HND","1966","","",""
"HND","1967","","",""
"HND","1968","","",""
"HND","1969","","",""
"HND","1970","","",""
"HND","1971","","",""
"HND","1972","","",""
"HND","1973","","",""
"HND","1974","","",""
"HND","1975","","",""
"HND","1976","","",""
"HND","1977","","",""
"HND","1978","","",""
"HND","1979","","",""
"HND","1980","","",""
"HND","1981","","",""
"HND","1982","","",""
"HND","1983","","",""
"HND","1984","","",""
"HND","1985","","",""
"HND","1986","","",""
"HND","1987","","",""
"HND","1988","","",""
"HND","1989","","",""
"HND","1990","","",""
"HND","1991","","",""
"HND","1992","","",""
"HND","1993","","",""
"HND","1994","","",""
"HND","1995","","",""
"HND","1996","","",""
"HND","1997","","",""
"HND","1998","","",""
"HND","1999","","",""
"HND","2000","","",""
"HND","2001","","",""
"HND","2002","","",""
"HND","2003","","",""
"HND","2004","","",""
"HND","2005","","",""
"HND","2006","74.263","",""
"HND","2007","72.17","74.263",""
"HND","2008","79.708","72.17","41.03533971879086"
"HND","2009","78.92","79.708","39.83985393732723"
"HND","2010","80.478","78.92","42.84807024151854"
"HND","2011","82.205","80.478","41.84469151661772"
"HND","2012","83.935","82.205",""
"HND","2013","82.71733333333333","83.935","46.15110619008597"
"HND","2014","79.002","82.71733333333333",""
"HND","2015","80.84933333333333","79.002","37.10427958533355"
"HND","2016","79.82499999999999","80.84933333333333","28.67333152287206"
"HND","2017","82.612","79.82499999999999","35.966228382564466"
"HND","2018","","82.612",""
"HND","2019","","",""
"HND","2020","","",""
"HND","2021","","",""
"HND","2022","","",""
"HND","2023","","",""
"HND","2024","","",""
"HND","2025","","",""
"HTI","1950","","",""
"HTI","1960","","",""
"HTI","1961","","",""
"HTI","1962","","",""
"HTI","1963","","",""
"HTI","1964","","",""
"HTI","1965","","",""
"HTI","1966","","",""
"HTI","1967","","",""
"HTI","1968","","",""
"HTI","1969","","",""
"HTI","1970","","",""
"HTI","1971","","",""
"HTI","1972","","",""
"HTI","1973","","",""
"HTI","1974","","",""
"HTI","1975","","",""
"HTI","1976","","",""
"HTI","1977","","",""
"HTI","1978","","",""
"HTI","1979","","",""
"HTI","1980","","",""
"HTI","1981","","",""
"HTI","1982","","",""
"HTI","1983","","",""
"HTI","1984","","",""
"HTI","1985","","",""
"HTI","1986","","",""
"HTI","1987","","",""
"HTI","1988","","",""
"HTI","1989","","",""
"HTI","1990","","",""
"HTI","1991","","",""
"HTI","1992","","",""
"HTI","1993","","",""
"HTI","1994","","",""
"HTI","1995","","",""
"HTI","1996","","",""
"HTI","1997","","",""
"HTI","1998","","",""
"HTI","1999","","",""
"HTI","2000","","",""
"HTI","2001","","",""
"HTI","2002","","",""
"HTI","2003","","",""
"HTI","2004","","",""
"HTI","2005","","",""
"HTI","2006","","",""
"HTI","2007","","",""
"HTI","2008","","",""
"HTI","2009","","",""
"HTI","2010","","",""
"HTI","2011","","",""
"HTI","2012","91.607","","17.828682807833342"
"HTI","2013","","91.607",""
"HTI","2014","","",""
"HTI","2015","","",""
"HTI","2016","","",""
"HTI","2017","","",""
"HTI","2018","","",""
"HTI","2019","","",""
"HTI","2020","","",""
"HTI","2021","","",""
"HTI","2022","","",""
"HTI","2023","","",""
"HTI","2024","","",""
"HTI","2025","","",""
"JAM","1960","","",""
"JAM","1961","","",""
"JAM","1962","","",""
"JAM","1963","","",""
"JAM","1964","","",""
"JAM","1965","","",""
"JAM","1966","","",""
"JAM","1967","","",""
"JAM","1968","","",""
"JAM","1969","","",""
"JAM","1970","","",""
"JAM","1971","","",""
"JAM","1972","","",""
"JAM","1973","","",""
"JAM","1974","","",""
"JAM","1975","","",""
"JAM","1976","","",""
"JAM","1977","","",""
"JAM","1978","","",""
"JAM","1979","","",""
"JAM","1980","","",""
"JAM","1981","","",""
"JAM","1982","","",""
"JAM","1983","","",""
"JAM","1984","","",""
"JAM","1985","","",""
"JAM","1986","","",""
"JAM","1987","","",""
"JAM","1988","","",""
"JAM","1989","","",""
"JAM","1990","","",""
"JAM","1991","","",""
"JAM","1992","","",""
"JAM","1993","","",""
"JAM","1994","","",""
"JAM","1995","","",""
"JAM","1996","","",""
"JAM","1997","","",""
"JAM","1998","","",""
"JAM","1999","","",""
"JAM","2000","","",""
"JAM","2001","","",""
"JAM","2002","","",""
"JAM","2003","","",""
"JAM","2004","","",""
"JAM","2005","","",""
"JAM","2006","","",""
"JAM","2007","","",""
"JAM","2008","","",""
"JAM","2009","","",""
"JAM","2010","","",""
"JAM","2011","","",""
"JAM","2012","","",""
"JAM","2013","","",""
"JAM","2014","","",""
"JAM","2015","","",""
"JAM","2016","57.612","",""
"JAM","2017","57.667","57.612","30.431430120729004"
"JAM","2018","57.325","57.667",""
"JAM","2019","56.427","57.325",""
"JAM","2020","57.973","56.427",""
"JAM","2021","58.27","57.973",""
"JAM","2022","55.438","58.27",""
"JAM","2023","54.64","55.438",""
"JAM","2024","56.684","54.64",""
"JAM","2025","","56.684",""
"MEX","1960","","",""
"MEX","1961","","",""
"MEX","1962","","",""
"MEX","1963","","",""
"MEX","1964","","",""
"MEX","1965","","",""
"MEX","1966","","",""
"MEX","1967","","",""
"MEX","1968","","",""
"MEX","1969","","",""
"MEX","1970","","",""
"MEX","1971","","",""
"MEX","1972","","",""
"MEX","1973","","",""
"MEX","1974","","",""
"MEX","1975","","",""
"MEX","1976","","",""
"MEX","1977","","",""
"MEX","1978","","",""
"MEX","1979","","",""
"MEX","1980","","",""
"MEX","1981","","",""
"MEX","1982","","",""
"MEX","1983","","",""
"MEX","1984","","",""
"MEX","1985","","",""
"MEX","1986","","",""
"MEX","1987","","",""
"MEX","1988","","",""
"MEX","1989","","",""
"MEX","1990","","",""
"MEX","1991","","",""
"MEX","1992","","",""
"MEX","1993","","",""
"MEX","1994","","",""
"MEX","1995","68.37","",""
"MEX","1996","68.209","68.37",""
"MEX","1997","69.166","68.209",""
"MEX","1998","66.675","69.166",""
"MEX","1999","66.66","66.675",""
"MEX","2000","64.456","66.66",""
"MEX","2001","","64.456",""
"MEX","2002","65.814","",""
"MEX","2003","66.203","65.814",""
"MEX","2004","65.982","66.203",""
"MEX","2005","","65.982",""
"MEX","2006","","",""
"MEX","2007","58.708666666666666","",""
"MEX","2008","58.791","58.708666666666666","14.577565079609553"
"MEX","2009","60.128","58.791",""
"MEX","2010","60.523","60.128","24.480496144241965"
"MEX","2011","60.306","60.523",""
"MEX","2012","60.33866666666667","60.306","28.098114896179307"
"MEX","2013","59.692","60.33866666666667",""
"MEX","2014","58.699000000000005","59.692","24.14585526847455"
"MEX","2015","58.717666666666666","58.699000000000005",""
"MEX","2016","58.089333333333336","58.717666666666666","30.035971835416994"
"MEX","2017","57.86333333333333","58.089333333333336",""
"MEX","2018","57.617","57.86333333333333","26.945600087936825"
"MEX","2019","57.61","57.617",""
"MEX","2020","56.171","57.61","26.214720898463987"
"MEX","2021","57.753","56.171",""
"MEX","2022","57.42033333333333","57.753","27.652161994293547"
"MEX","2023","57.03866666666666","57.42033333333333",""
"MEX","2024","56.40766666666666","57.03866666666666",""
"MEX","2025","56.878","56.40766666666666",""
"NIC","1960","","",""
"NIC","1961","","",""
"NIC","1962","","",""
"NIC","1963","","",""
"NIC","1964","","",""
"NIC","1965","","",""
"NIC","1966","","",""
"NIC","1967","","",""
"NIC","1968","","",""
"NIC","1969","","",""
"NIC","1970","","",""
"NIC","1971","","",""
"NIC","1972","","",""
"NIC","1973","","",""
"NIC","1974","","",""
"NIC","1975","","",""
"NIC","1976","","",""
"NIC","1977","","",""
"NIC","1978","","",""
"NIC","1979","","",""
"NIC","1980","","",""
"NIC","1981","","",""
"NIC","1982","","",""
"NIC","1983","","",""
"NIC","1984","","",""
"NIC","1985","","",""
"NIC","1986","","",""
"NIC","1987","","",""
"NIC","1988","","",""
"NIC","1989","","",""
"NIC","1990","","",""
"NIC","1991","","",""
"NIC","1992","","",""
"NIC","1993","","",""
"NIC","1994","","",""
"NIC","1995","","",""
"NIC","1996","","",""
"NIC","1997","","",""
"NIC","1998","","",""
"NIC","1999","","",""
"NIC","2000","","",""
"NIC","2001","","",""
"NIC","2002","","",""
"NIC","2003","","",""
"NIC","2004","","",""
"NIC","2005","","",""
"NIC","2006","","",""
"NIC","2007","","",""
"NIC","2008","","",""
"NIC","2009","","",""
"NIC","2010","","",""
"NIC","2011","","",""
"NIC","2012","81.78833333333334","",""
"NIC","2013","","81.78833333333334",""
"NIC","2014","","",""
"NIC","2015","","",""
"NIC","2016","","",""
"NIC","2017","","",""
"NIC","2018","","",""
"NIC","2019","","",""
"NIC","2020","","",""
"NIC","2021","","",""
"NIC","2022","","",""
"NIC","2023","","",""
"NIC","2024","","",""
"NIC","2025","","",""
"PAN","1950","","",""
"PAN","1960","","",""
"PAN","1961","","",""
"PAN","1962","","",""
"PAN","1963","","",""
"PAN","1964","","",""
"PAN","1965","","",""
"PAN","1966","","",""
"PAN","1967","","",""
"PAN","1968","","",""
"PAN","1969","","",""
"PAN","1970","","",""
"PAN","1971","","",""
"PAN","1972","","",""
"PAN","1973","","",""
"PAN","1974","","",""
"PAN","1975","","",""
"PAN","1976","","",""
"PAN","1977","","",""
"PAN","1978","","",""
"PAN","1979","","",""
"PAN","1980","","",""
"PAN","1981","","",""
"PAN","1982","","",""
"PAN","1983","","",""
"PAN","1984","","",""
"PAN","1985","","",""
"PAN","1986","","",""
"PAN","1987","","",""
"PAN","1988","","",""
"PAN","1989","","",""
"PAN","1990","","",""
"PAN","1991","","",""
"PAN","1992","","",""
"PAN","1993","","",""
"PAN","1994","","",""
"PAN","1995","","",""
"PAN","1996","","",""
"PAN","1997","99.133","",""
"PAN","1998","","99.133",""
"PAN","1999","","",""
"PAN","2000","","",""
"PAN","2001","","",""
"PAN","2002","","",""
"PAN","2003","58.08","",""
"PAN","2004","","58.08",""
"PAN","2005","","",""
"PAN","2006","55.96","",""
"PAN","2007","54.082","55.96",""
"PAN","2008","51.011","54.082","34.20418995785666"
"PAN","2009","52.363","51.011","33.533505802948405"
"PAN","2010","49.801","52.363","31.880366863690618"
"PAN","2011","46.549","49.801","28.163772221447854"
"PAN","2012","46.974","46.549","29.806751977566435"
"PAN","2013","47.864","46.974","30.882197560975396"
"PAN","2014","48.017","47.864","30.436334642457794"
"PAN","2015","47.846","48.017","35.25236573618087"
"PAN","2016","48.518","47.846","36.2286069927689"
"PAN","2017","49.404","48.518","35.98359719107824"
"PAN","2018","51.358","49.404","38.98639805073027"
"PAN","2019","52.8","51.358","40.45021981646813"
"PAN","2020","56.14","52.8",""
"PAN","2021","55.673","56.14","48.07357834644476"
"PAN","2022","","55.673",""
"PAN","2023","56.127","","43.09185888523261"
"PAN","2024","58.686","56.127",""
"PAN","2025","55.729","58.686",""
"PER","1960","","",""
"PER","1961","","",""
"PER","1962","","",""
"PER","1963","","",""
"PER","1964","","",""
"PER","1965","","",""
"PER","1966","","",""
"PER","1967","","",""
"PER","1968","","",""
"PER","1969","","",""
"PER","1970","","",""
"PER","1971","","",""
"PER","1972","","",""
"PER","1973","","",""
"PER","1974","","",""
"PER","1975","","",""
"PER","1976","","",""
"PER","1977","","",""
"PER","1978","","",""
"PER","1979","","",""
"PER","1980","","",""
"PER","1981","","",""
"PER","1982","","",""
"PER","1983","","",""
"PER","1984","","",""
"PER","1985","","",""
"PER","1986","","",""
"PER","1987","","",""
"PER","1988","","",""
"PER","1989","","",""
"PER","1990","","",""
"PER","1991","","",""
"PER","1992","","",""
"PER","1993","","",""
"PER","1994","","",""
"PER","1995","","",""
"PER","1996","","",""
"PER","1997","","",""
"PER","1998","","",""
"PER","1999","","",""
"PER","2000","","",""
"PER","2001","","",""
"PER","2002","98.292","",""
"PER","2003","98.413","98.292",""
"PER","2004","91.067","98.413",""
"PER","2005","83.689","91.067",""
"PER","2006","81.965","83.689",""
"PER","2007","79.24","81.965",""
"PER","2008","78.845","79.24","41.3159417499172"
"PER","2009","77.058","78.845","49.40390277415768"
"PER","2010","76.848","77.058","52.53586648599688"
"PER","2011","75.579","76.848","49.97292376906276"
"PER","2012","70.695","75.579","63.28686840806825"
"PER","2013","69.771","70.695","43.97240170760944"
"PER","2014","68.603","69.771","44.49209421793934"
"PER","2015","69.219","68.603","45.40625264893349"
"PER","2016","68.057","69.219","44.20120257875893"
"PER","2017","68.057","68.057","44.86293170945926"
"PER","2018","68.451","68.057","45.74150808495679"
"PER","2019","68.362","68.451","45.53517255569407"
"PER","2020","70.141","68.362","55.99796830068144"
"PER","2021","68.396","70.141","61.592904597178176"
"PER","2022","74.70066666666666","68.396","62.270719879294646"
"PER","2023","77.16866666666667","74.70066666666666",""
"PER","2024","71.83500000000001","77.16866666666667",""
"PER","2025","70.463","71.83500000000001",""
"PRY","1960","","",""
"PRY","1961","","",""
"PRY","1962","","",""
"PRY","1963","","",""
"PRY","1964","","",""
"PRY","1965","","",""
"PRY","1966","","",""
"PRY","1967","","",""
"PRY","1968","","",""
"PRY","1969","","",""
"PRY","1970","","",""
"PRY","1971","","",""
"PRY","1972","","",""
"PRY","1973","","",""
"PRY","1974","","",""
"PRY","1975","","",""
"PRY","1976","","",""
"PRY","1977","","",""
"PRY","1978","","",""
"PRY","1979","","",""
"PRY","1980","","",""
"PRY","1981","","",""
"PRY","1982","","",""
"PRY","1983","","",""
"PRY","1984","","",""
"PRY","1985","","",""
"PRY","1986","","",""
"PRY","1987","","",""
"PRY","1988","","",""
"PRY","1989","","",""
"PRY","1990","","",""
"PRY","1991","","",""
"PRY","1992","","",""
"PRY","1993","","",""
"PRY","1994","","",""
"PRY","1995","","",""
"PRY","1996","","",""
"PRY","1997","","",""
"PRY","1998","","",""
"PRY","1999","","",""
"PRY","2000","","",""
"PRY","2001","","",""
"PRY","2002","","",""
"PRY","2003","","",""
"PRY","2004","","",""
"PRY","2005","","",""
"PRY","2006","","",""
"PRY","2007","","",""
"PRY","2008","77.688","","33.968587208012856"
"PRY","2009","77.561","77.688","35.19271350864865"
"PRY","2010","76.749","77.561","41.611400153942995"
"PRY","2011","73.898","76.749","38.62662523988971"
"PRY","2012","74.242","73.898","48.40686650732754"
"PRY","2013","71.48","74.242","45.15910395840137"
"PRY","2014","70.128","71.48","43.64276823189366"
"PRY","2015","70.695","70.128","47.245847127833855"
"PRY","2016","72.165","70.695","48.104844965721334"
"PRY","2017","69.996","72.165","47.61092671520175"
"PRY","2018","70.295","69.996","48.050309111584895"
"PRY","2019","68.919","70.295","47.614604916352654"
"PRY","2020","69.7595","68.919","55.570559041508986"
"PRY","2021","69.299","69.7595","40.87824163611533"
"PRY","2022","67.948","69.299","36.99123579038535"
"PRY","2023","66.86133333333333","67.948",""
"PRY","2024","67.32966666666667","66.86133333333333",""
"PRY","2025","64.463","67.32966666666667",""
"SLV","1960","","",""
"SLV","1961","","",""
"SLV","1962","","",""
"SLV","1963","","",""
"SLV","1964","","",""
"SLV","1965","","",""
"SLV","1966","","",""
"SLV","1967","","",""
"SLV","1968","","",""
"SLV","1969","","",""
"SLV","1970","","",""
"SLV","1971","","",""
"SLV","1972","","",""
"SLV","1973","","",""
"SLV","1974","","",""
"SLV","1975","","",""
"SLV","1976","","",""
"SLV","1977","","",""
"SLV","1978","","",""
"SLV","1979","","",""
"SLV","1980","","",""
"SLV","1981","","",""
"SLV","1982","","",""
"SLV","1983","","",""
"SLV","1984","","",""
"SLV","1985","","",""
"SLV","1986","","",""
"SLV","1987","","",""
"SLV","1988","","",""
"SLV","1989","","",""
"SLV","1990","","",""
"SLV","1991","","",""
"SLV","1992","","",""
"SLV","1993","","",""
"SLV","1994","","",""
"SLV","1995","","",""
"SLV","1996","","",""
"SLV","1997","","",""
"SLV","1998","","",""
"SLV","1999","","",""
"SLV","2000","","",""
"SLV","2001","","",""
"SLV","2002","","",""
"SLV","2003","","",""
"SLV","2004","","",""
"SLV","2005","","",""
"SLV","2006","","",""
"SLV","2007","","",""
"SLV","2008","","",""
"SLV","2009","","",""
"SLV","2010","","",""
"SLV","2011","","",""
"SLV","2012","","",""
"SLV","2013","","",""
"SLV","2014","69.33733333333333","","40.28006674046336"
"SLV","2015","69.047","69.33733333333333","61.528513344990735"
"SLV","2016","69.43533333333333","69.047","62.08247930460832"
"SLV","2017","70.15533333333333","69.43533333333333","59.34360439878472"
"SLV","2018","68.484","70.15533333333333","56.6981019922486"
"SLV","2019","69.12533333333333","68.484","59.09937140002105"
"SLV","2020","68.742","69.12533333333333",""
"SLV","2021","68.98266666666666","68.742","60.052591078705525"
"SLV","2022","67.44833333333334","68.98266666666666","59.8619178096207"
"SLV","2023","66.48400000000001","67.44833333333334",""
"SLV","2024","63.946","66.48400000000001",""
"SLV","2025","","63.946",""
"SUR","1960","","",""
"SUR","1961","","",""
"SUR","1962","","",""
"SUR","1963","","",""
"SUR","1964","","",""
"SUR","1965","","",""
"SUR","1966","","",""
"SUR","1967","","",""
"SUR","1968","","",""
"SUR","1969","","",""
"SUR","1970","","",""
"SUR","1971","","",""
"SUR","1972","","",""
"SUR","1973","","",""
"SUR","1974","","",""
"SUR","1975","","",""
"SUR","1976","","",""
"SUR","1977","","",""
"SUR","1978","","",""
"SUR","1979","","",""
"SUR","1980","","",""
"SUR","1981","","",""
"SUR","1982","","",""
"SUR","1983","","",""
"SUR","1984","","",""
"SUR","1985","","",""
"SUR","1986","","",""
"SUR","1987","","",""
"SUR","1988","","",""
"SUR","1989","","",""
"SUR","1990","","",""
"SUR","1991","","",""
"SUR","1992","","",""
"SUR","1993","","",""
"SUR","1994","","",""
"SUR","1995","","",""
"SUR","1996","","",""
"SUR","1997","","",""
"SUR","1998","","",""
"SUR","1999","","",""
"SUR","2000","","",""
"SUR","2001","","",""
"SUR","2002","","",""
"SUR","2003","","",""
"SUR","2004","","",""
"SUR","2005","","",""
"SUR","2006","","",""
"SUR","2007","","",""
"SUR","2008","","",""
"SUR","2009","","",""
"SUR","2010","","",""
"SUR","2011","","",""
"SUR","2012","","",""
"SUR","2013","","",""
"SUR","2014","","",""
"SUR","2015","","",""
"SUR","2016","51.71833333333333","",""
"SUR","2017","","51.71833333333333",""
"SUR","2018","","",""
"SUR","2019","","",""
"SUR","2020","","",""
"SUR","2021","","",""
"SUR","2022","","",""
"SUR","2023","","",""
"SUR","2024","","",""
"SUR","2025","","",""
"TTO","1946","","",""
"TTO","1960","","",""
"TTO","1961","","",""
"TTO","1962","","",""
"TTO","1963","","",""
"TTO","1964","","",""
"TTO","1965","","",""
"TTO","1966","","",""
"TTO","1967","","",""
"TTO","1968","","",""
"TTO","1969","","",""
"TTO","1970","","",""
"TTO","1971","","",""
"TTO","1972","","",""
"TTO","1973","","",""
"TTO","1974","","",""
"TTO","1975","","",""
"TTO","1976","","",""
"TTO","1977","","",""
"TTO","1978","","",""
"TTO","1979","","",""
"TTO","1980","","",""
"TTO","1981","","",""
"TTO","1982","","",""
"TTO","1983","","",""
"TTO","1984","","",""
"TTO","1985","","",""
"TTO","1986","","",""
"TTO","1987","","",""
"TTO","1988","","",""
"TTO","1989","","",""
"TTO","1990","","",""
"TTO","1991","","",""
"TTO","1992","","",""
"TTO","1993","","",""
"TTO","1994","","",""
"TTO","1995","","",""
"TTO","1996","","",""
"TTO","1997","","",""
"TTO","1998","","",""
"TTO","1999","","",""
"TTO","2000","","",""
"TTO","2001","","",""
"TTO","2002","","",""
"TTO","2003","","",""
"TTO","2004","","",""
"TTO","2005","","",""
"TTO","2006","","",""
"TTO","2007","","",""
"TTO","2008","","",""
"TTO","2009","","",""
"TTO","2010","","",""
"TTO","2011","","",""
"TTO","2012","","",""
"TTO","2013","","",""
"TTO","2014","","",""
"TTO","2015","","",""
"TTO","2016","","",""
"TTO","2017","","",""
"TTO","2018","","",""
"TTO","2019","","",""
"TTO","2020","","",""
"TTO","2021","","",""
"TTO","2022","","",""
"TTO","2023","","",""
"TTO","2024","","",""
"TTO","2025","","",""
"URY","1960","","",""
"URY","1961","","",""
"URY","1962","","",""
"URY","1963","","",""
"URY","1964","","",""
"URY","1965","","",""
"URY","1966","","",""
"URY","1967","","",""
"URY","1968","","",""
"URY","1969","","",""
"URY","1970","","",""
"URY","1971","","",""
"URY","1972","","",""
"URY","1973","","",""
"URY","1974","","",""
"URY","1975","","",""
"URY","1976","","",""
"URY","1977","","",""
"URY","1978","","",""
"URY","1979","","",""
"URY","1980","","",""
"URY","1981","","",""
"URY","1982","","",""
"URY","1983","","",""
"URY","1984","","",""
"URY","1985","","",""
"URY","1986","","",""
"URY","1987","","",""
"URY","1988","","",""
"URY","1989","","",""
"URY","1990","","",""
"URY","1991","","",""
"URY","1992","","",""
"URY","1993","","",""
"URY","1994","","",""
"URY","1995","","",""
"URY","1996","","",""
"URY","1997","","",""
"URY","1998","","",""
"URY","1999","","",""
"URY","2000","","",""
"URY","2001","","",""
"URY","2002","","",""
"URY","2003","","",""
"URY","2004","","",""
"URY","2005","","",""
"URY","2006","44.357","",""
"URY","2007","44.043","44.357",""
"URY","2008","42.772","44.043","30.741803600275407"
"URY","2009","42.364","42.772","32.63598096598141"
"URY","2010","40.897","42.364","32.610665926630055"
"URY","2011","38.347","40.897","30.08577420495749"
"URY","2012","36.199","38.347","28.924867373429898"
"URY","2013","35.353","36.199",""
"URY","2014","23.630333333333333","35.353",""
"URY","2015","23.879","23.630333333333333","18.595760554221027"
"URY","2016","24.538666666666668","23.879","19.047674208318252"
"URY","2017","24.100666666666665","24.538666666666668","18.505635612378793"
"URY","2018","23.944333333333333","24.100666666666665","18.262263706640514"
"URY","2019","24.138","23.944333333333333","18.561984518309327"
"URY","2020","21.605","24.138","15.694987096774193"
"URY","2021","21.433666666666667","21.605","15.52314625626045"
"URY","2022","22.134","21.433666666666667","15.861238605538997"
"URY","2023","31.756666666666668","22.134",""
"URY","2024","28.546333333333333","31.756666666666668",""
"URY","2025","","28.546333333333333",""
"VEN","1960","","",""
"VEN","1961","","",""
"VEN","1962","","",""
"VEN","1963","","",""
"VEN","1964","","",""
"VEN","1965","","",""
"VEN","1966","","",""
"VEN","1967","","",""
"VEN","1968","","",""
"VEN","1969","","",""
"VEN","1970","","",""
"VEN","1971","","",""
"VEN","1972","","",""
"VEN","1973","","",""
"VEN","1974","","",""
"VEN","1975","","",""
"VEN","1976","","",""
"VEN","1977","","",""
"VEN","1978","","",""
"VEN","1979","","",""
"VEN","1980","","",""
"VEN","1981","","",""
"VEN","1982","","",""
"VEN","1983","","",""
"VEN","1984","","",""
"VEN","1985","","",""
"VEN","1986","","",""
"VEN","1987","","",""
"VEN","1988","","",""
"VEN","1989","","",""
"VEN","1990","","",""
"VEN","1991","","",""
"VEN","1992","","",""
"VEN","1993","","",""
"VEN","1994","","",""
"VEN","1995","","",""
"VEN","1996","","",""
"VEN","1997","","",""
"VEN","1998","","",""
"VEN","1999","","",""
"VEN","2000","","",""
"VEN","2001","","",""
"VEN","2002","","",""
"VEN","2003","","",""
"VEN","2004","","",""
"VEN","2005","","",""
"VEN","2006","","",""
"VEN","2007","","",""
"VEN","2008","","",""
"VEN","2009","","",""
"VEN","2010","","",""
"VEN","2011","","",""
"VEN","2012","","",""
"VEN","2013","","",""
"VEN","2014","","",""
"VEN","2015","","",""
"VEN","2016","","",""
"VEN","2017","58.32666666666667","",""
"VEN","2018","","58.32666666666667",""
"VEN","2019","","",""
"VEN","2020","","",""
"VEN","2021","","",""
"VEN","2022","","",""
"VEN","2023","","",""
"VEN","2024","","",""
"VEN","2025","","",""
