"iso3","year","unemployment","employment","labor_force_participation","female_labor_participation","male_labor_participation","youth_unemployment"
"ARG","1960","","","47.46157142857143","","",""
"ARG","1961","","","","","",""
"ARG","1962","","","","","",""
"ARG","1963","","","","","",""
"ARG","1964","","","","","",""
"ARG","1965","","","","","",""
"ARG","1966","","","","","",""
"ARG","1967","","","","","",""
"ARG","1968","","","","","",""
"ARG","1969","","","","","",""
"ARG","1970","","","46.34557142857143","","",""
"ARG","1971","","","","","",""
"ARG","1972","","","","","",""
"ARG","1973","","","","","",""
"ARG","1974","","","","","",""
"ARG","1975","","","","","",""
"ARG","1976","","","","","",""
"ARG","1977","","","45.72914285714286","","",""
"ARG","1978","","","45.58971428571429","","",""
"ARG","1979","","","45.41871428571429","","",""
"ARG","1980","","","45.982","","",""
"ARG","1981","","","","","",""
"ARG","1982","","","","","",""
"ARG","1983","","","48.86825","","",""
"ARG","1984","","","","","",""
"ARG","1985","","","48.26925","","",""
"ARG","1986","","","","","",""
"ARG","1987","","","48.27425","","",""
"ARG","1988","","","","","",""
"ARG","1989","","","48.34725","","",""
"ARG","1990","","46.6","48.235375","","",""
"ARG","1991","","47.0","51.64225","","",""
"ARG","1992","","47.3","50.3","","",""
"ARG","1993","","47.1","51.8","","",""
"ARG","1994","","44.8","51.3","","",""
"ARG","1995","","43.7","46.014625","","",""
"ARG","1996","","43.7","59.5","","",""
"ARG","1997","","46.2","59.5","","",""
"ARG","1998","","46.7","59.9","","",""
"ARG","1999","","46.7","60.4","","",""
"ARG","2000","15.0","49.5","42.17975","","",""
"ARG","2001","17.322","46.4","56.8","","",""
"ARG","2002","19.59","47.6","57.9","","",""
"ARG","2003","15.4","51.9","42.7385","","",""
"ARG","2004","13.522","48.93175","56.86625","","",""
"ARG","2005","11.506","49.784","56.514625","","",""
"ARG","2006","10.078","50.914","56.846","","",""
"ARG","2007","8.469","55.8","61.0","","",""
"ARG","2008","7.837","50.749875","55.168","","",""
"ARG","2009","8.645","50.5725","55.48525","","",""
"ARG","2010","7.714","50.531375","54.87025","","",""
"ARG","2011","7.18","51.214375","55.29","","",""
"ARG","2012","7.217","51.006125","55.05475","","",""
"ARG","2013","7.1","50.63325","54.60925","","",""
"ARG","2014","7.268","50.21875","54.191875","","",""
"ARG","2015","","","","","",""
"ARG","2016","8.466666666666667","","58.6","47.73333333333333","70.8","23.866666666666667"
"ARG","2017","8.35","49.703625","58.8","48.0","70.9","22.625"
"ARG","2018","9.225","49.788","59.6","49.525","71.0","23.725"
"ARG","2019","9.85","49.924375","60.275","50.3","71.425","25.85"
"ARG","2020","11.55","44.892125","56.0","46.775","66.375","30.5"
"ARG","2021","8.75","50.03375","60.375","50.5","71.15","23.2"
"ARG","2022","6.825","52.00025","61.475","52.1","71.725","18.95"
"ARG","2023","6.125","53.189","62.325","53.175","72.225","17.875"
"ARG","2024","7.4","52.840125","62.3","53.56666666666666","71.8","19.766666666666666"
"ARG","2025","7.377","52.7035","57.033125","","",""
"BHS","1953","","","47.174","","",""
"BHS","1960","","","","","",""
"BHS","1961","","","","","",""
"BHS","1962","","","","","",""
"BHS","1963","","","66.54585714285714","","",""
"BHS","1964","","","","","",""
"BHS","1965","","","","","",""
"BHS","1966","","","","","",""
"BHS","1967","","","","","",""
"BHS","1968","","","","","",""
"BHS","1969","","","","","",""
"BHS","1970","","","66.58571428571429","","",""
"BHS","1971","","","","","",""
"BHS","1972","","","","","",""
"BHS","1973","","","","","",""
"BHS","1974","","","","","",""
"BHS","1975","","","","","",""
"BHS","1976","","","","","",""
"BHS","1977","","","","","",""
"BHS","1978","","","","","",""
"BHS","1979","","32.324","36.78","","",""
"BHS","1980","","","48.906875","","",""
"BHS","1981","","","","","",""
"BHS","1982","","","","","",""
"BHS","1983","","","","","",""
"BHS","1984","","","","","",""
"BHS","1985","","","","","",""
"BHS","1986","","","","","",""
"BHS","1987","","","","","",""
"BHS","1988","","","","","",""
"BHS","1989","","45.189","51.178","","",""
"BHS","1990","","60.443375","51.9405","","",""
"BHS","1991","","64.6","73.6","","",""
"BHS","1992","","63.3","74.3","","",""
"BHS","1993","","65.8","75.7","","",""
"BHS","1994","","54.0375","62.73933333333333","","",""
"BHS","1995","","65.8","73.9","","",""
"BHS","1996","","65.2","73.7","","",""
"BHS","1997","","67.6","74.9","","",""
"BHS","1998","","52.2238","60.623","","",""
"BHS","1999","","69.4","76.8","","",""
"BHS","2000","","","","","",""
"BHS","2001","6.883","70.9","76.2","","",""
"BHS","2002","9.096","69.4","76.4","","",""
"BHS","2003","10.835","","","","",""
"BHS","2004","10.203","67.957","75.678","","",""
"BHS","2005","10.17","","","","",""
"BHS","2006","7.604","","","","",""
"BHS","2007","7.853","","","","",""
"BHS","2008","8.712","69.7","","","",""
"BHS","2009","14.2","69.42","73.4","","",""
"BHS","2010","","","","","",""
"BHS","2011","14.521","62.1","72.3","","",""
"BHS","2012","14.7","64.052","72.3","","",""
"BHS","2013","16.184","","72.7","","",""
"BHS","2014","13.8","","","","",""
"BHS","2015","12.0","","","","",""
"BHS","2016","12.7","","","","",""
"BHS","2017","9.8","","","","",""
"BHS","2018","10.0","","","","",""
"BHS","2019","9.336","63.3765","69.92824999999999","","",""
"BHS","2020","","","","","",""
"BHS","2021","","","","","",""
"BHS","2022","","","","","",""
"BHS","2023","10.346","61.860375000000005","69.128375","","",""
"BHS","2024","","","","","",""
"BHS","2025","","","","","",""
"BLZ","1960","","","51.184666666666665","","",""
"BLZ","1961","","","","","",""
"BLZ","1962","","","","","",""
"BLZ","1963","","","","","",""
"BLZ","1964","","","","","",""
"BLZ","1965","","","","","",""
"BLZ","1966","","","","","",""
"BLZ","1967","","","","","",""
"BLZ","1968","","","","","",""
"BLZ","1969","","","","","",""
"BLZ","1970","","","35.43866666666667","","",""
"BLZ","1971","","","","","",""
"BLZ","1972","","","","","",""
"BLZ","1973","","","","","",""
"BLZ","1974","","","","","",""
"BLZ","1975","","","","","",""
"BLZ","1976","","","","","",""
"BLZ","1977","","","","","",""
"BLZ","1978","","","","","",""
"BLZ","1979","","","","","",""
"BLZ","1980","","","","","",""
"BLZ","1981","","","","","",""
"BLZ","1982","","","","","",""
"BLZ","1983","","","","","",""
"BLZ","1984","","","","","",""
"BLZ","1985","","","","","",""
"BLZ","1986","","","","","",""
"BLZ","1987","","","","","",""
"BLZ","1988","","","","","",""
"BLZ","1989","","","","","",""
"BLZ","1990","","","","","",""
"BLZ","1991","","","","","",""
"BLZ","1992","","","","","",""
"BLZ","1993","","","","","",""
"BLZ","1994","","47.33675","52.766","","",""
"BLZ","1995","","","","","",""
"BLZ","1996","","48.452","33.54","","",""
"BLZ","1997","","51.414","58.9","","",""
"BLZ","1998","","50.258","58.7","","",""
"BLZ","1999","","51.724","59.3","","",""
"BLZ","2000","","","","","",""
"BLZ","2001","9.066","","","","",""
"BLZ","2002","10.038","","","","",""
"BLZ","2003","","","","","",""
"BLZ","2004","","","","","",""
"BLZ","2005","10.907","54.99","44.05525","","",""
"BLZ","2006","9.394","","","","",""
"BLZ","2007","8.508","","","","",""
"BLZ","2008","8.182","","","","",""
"BLZ","2009","","","","","",""
"BLZ","2010","","","","","",""
"BLZ","2011","","","","","",""
"BLZ","2012","14.271","53.306","62.217875","","",""
"BLZ","2013","8.349","52.974875","57.655625","","",""
"BLZ","2014","8.244","53.71525","58.16775","","",""
"BLZ","2015","7.578","54.07975","58.264875","","",""
"BLZ","2016","7.0","55.41425","59.196625","","",""
"BLZ","2017","6.596","55.418375","59.019625000000005","","",""
"BLZ","2018","9.346","56.690125","62.02975","","",""
"BLZ","2019","9.053","59.40425","64.96825","","",""
"BLZ","2020","","","","","",""
"BLZ","2021","","","","","",""
"BLZ","2022","","","","","",""
"BLZ","2023","","","","","",""
"BLZ","2024","","","","","",""
"BLZ","2025","","","","","",""
"BOL","1950","","","75.54","","",""
"BOL","1960","","","","","",""
"BOL","1961","","","","","",""
"BOL","1962","","","","","",""
"BOL","1963","","","","","",""
"BOL","1964","","","","","",""
"BOL","1965","","","","","",""
"BOL","1966","","","","","",""
"BOL","1967","","","","","",""
"BOL","1968","","","","","",""
"BOL","1969","","","","","",""
"BOL","1970","","","","","",""
"BOL","1971","","","","","",""
"BOL","1972","","","","","",""
"BOL","1973","","","","","",""
"BOL","1974","","","","","",""
"BOL","1975","","","","","",""
"BOL","1976","","","51.659625","","",""
"BOL","1977","","","","","",""
"BOL","1978","","","","","",""
"BOL","1979","","","","","",""
"BOL","1980","","","","","",""
"BOL","1981","","51.432","52.251000000000005","","",""
"BOL","1982","","50.689","52.452375","","",""
"BOL","1983","","","","","",""
"BOL","1984","","","","","",""
"BOL","1985","","45.993","50.70925","","",""
"BOL","1986","","40.44975","51.251375","","",""
"BOL","1987","","41.86675","51.694375","","",""
"BOL","1988","","","","","",""
"BOL","1989","","48.421","53.273","","",""
"BOL","1990","","50.631","54.5435","","",""
"BOL","1991","","54.201","51.684","","",""
"BOL","1992","","51.183875","53.89825","","",""
"BOL","1993","","49.5","52.6","","",""
"BOL","1994","","52.0","53.7","","",""
"BOL","1995","","56.19","58.305625","","",""
"BOL","1996","","57.229625","60.23074999999999","","",""
"BOL","1997","","67.39125","68.6665","","",""
"BOL","1998","","","","","",""
"BOL","1999","","66.839875","69.27875","","",""
"BOL","2000","4.79","65.22525","68.01100000000001","","",""
"BOL","2001","5.242","70.5","67.8","","",""
"BOL","2002","5.476","68.4","72.3","","",""
"BOL","2003","","70.0","73.1","","",""
"BOL","2004","4.167","70.0","73.1","","",""
"BOL","2005","5.446","64.8205","68.0005","","",""
"BOL","2006","5.08","67.254125","70.073375","","",""
"BOL","2007","5.175","47.183","49.758","","",""
"BOL","2008","2.603","67.952625","69.60775","","",""
"BOL","2009","2.973","67.96225","69.89725","","",""
"BOL","2010","","","","","",""
"BOL","2011","2.255","67.981","69.446125","","",""
"BOL","2012","2.066","64.74775","66.01112499999999","","",""
"BOL","2013","2.437","65.345875","66.831375","","",""
"BOL","2014","2.021","67.70125","68.999875","","",""
"BOL","2015","3.111","62.832875","64.66312500000001","","",""
"BOL","2016","3.9","63.062375","67.725","57.525","78.375","7.699999999999999"
"BOL","2017","4.05","64.393","68.925","59.650000000000006","78.675","7.45"
"BOL","2018","3.825","67.38000000000001","72.02499999999999","64.0","80.525","7.575"
"BOL","2019","3.875","69.15474999999999","74.325","66.625","82.325","7.5"
"BOL","2020","8.0","61.408625","68.35","60.05","77.0","14.1"
"BOL","2021","5.325","71.7435","77.95","71.425","84.8","8.725"
"BOL","2022","3.65","73.142875","78.35","71.975","85.025","6.375"
"BOL","2023","3.175","73.706","78.475","72.775","84.525","5.35"
"BOL","2024","3.05","75.272625","79.55","74.19999999999999","85.1","4.85"
"BOL","2025","","","","","",""
"BRA","1960","","","49.45971428571429","","",""
"BRA","1961","","","","","",""
"BRA","1962","","","","","",""
"BRA","1963","","","","","",""
"BRA","1964","","","","","",""
"BRA","1965","","","","","",""
"BRA","1966","","","","","",""
"BRA","1967","","","","","",""
"BRA","1968","","","","","",""
"BRA","1969","","","","","",""
"BRA","1970","","","47.33557142857143","","",""
"BRA","1971","","","","","",""
"BRA","1972","","","","","",""
"BRA","1973","","62.454","61.666","","",""
"BRA","1974","","","","","",""
"BRA","1975","","","","","",""
"BRA","1976","","59.134","57.686","","",""
"BRA","1977","","","","","",""
"BRA","1978","","","","","",""
"BRA","1979","","","","","",""
"BRA","1980","","","50.50475","","",""
"BRA","1981","","","","","",""
"BRA","1982","","","","","",""
"BRA","1983","","","","","",""
"BRA","1984","","","","","",""
"BRA","1985","","64.354","62.528","","",""
"BRA","1986","","64.124","62.369","","",""
"BRA","1987","","64.64","63.786","","",""
"BRA","1988","","64.313","63.608","","",""
"BRA","1989","","55.476875","57.767875","","",""
"BRA","1990","","55.328125","57.950625","","",""
"BRA","1991","","","57.274","","",""
"BRA","1992","","58.85187500000001","63.0915","","",""
"BRA","1993","","67.572","68.17","","",""
"BRA","1994","","","","","",""
"BRA","1995","","55.761625","59.8885","","",""
"BRA","1996","","53.581125","58.158375","","",""
"BRA","1997","","53.7945","58.999125","","",""
"BRA","1998","","53.273625","59.16725","","",""
"BRA","1999","","53.2415","59.72575","","",""
"BRA","2000","","","","","",""
"BRA","2001","10.649","54.4305","60.72125","","",""
"BRA","2002","10.641","55.18475","61.5795","","",""
"BRA","2003","11.168","54.70825","61.40775","","",""
"BRA","2004","10.072","55.69575","61.791","","",""
"BRA","2005","10.551","56.068","62.572625","","",""
"BRA","2006","9.692","56.3545","62.329375","","",""
"BRA","2007","9.28","56.152375","61.8305","","",""
"BRA","2008","8.268","56.690375","61.782125","","",""
"BRA","2009","9.419","55.942375","61.76475","","",""
"BRA","2010","","","","","",""
"BRA","2011","7.578","54.707625","59.251625","","",""
"BRA","2012","7.251","52.622875","56.784125","","",""
"BRA","2013","7.071","52.681875","56.73475","","",""
"BRA","2014","6.755","52.639375","56.529","","",""
"BRA","2015","8.538","51.8885","56.835125","","",""
"BRA","2016","11.58","50.1725","56.936","","",""
"BRA","2017","12.792","49.807125","57.339125","","",""
"BRA","2018","12.329","50.188875","57.505125","","",""
"BRA","2019","11.936","50.86825","58.047875","","",""
"BRA","2020","13.697","46.219","53.843","","",""
"BRA","2021","13.158","48.105","55.72425","","",""
"BRA","2022","9.231","51.49","57.003625","","",""
"BRA","2023","7.947","51.887375","56.59925","","",""
"BRA","2024","6.801","53.111875","57.199875","","",""
"BRA","2025","5.832","53.82275","57.335625","","",""
"BRB","1960","","","39.7","","",""
"BRB","1961","","","","","",""
"BRB","1962","","","","","",""
"BRB","1963","","","","","",""
"BRB","1964","","","","","",""
"BRB","1965","","","","","",""
"BRB","1966","","","38.035","","",""
"BRB","1967","","","","","",""
"BRB","1968","","","","","",""
"BRB","1969","","","","","",""
"BRB","1970","","","57.995333333333335","","",""
"BRB","1971","","","","","",""
"BRB","1972","","","","","",""
"BRB","1973","","","","","",""
"BRB","1974","","","","","",""
"BRB","1975","","","","","",""
"BRB","1976","","","","","",""
"BRB","1977","","","","","",""
"BRB","1978","","34.552","41.328","","",""
"BRB","1979","","","","","",""
"BRB","1980","","","59.60875","","",""
"BRB","1981","","","","","",""
"BRB","1982","","","","","",""
"BRB","1983","","50.97666666666667","58.882","","",""
"BRB","1984","","","","","",""
"BRB","1985","","","","","",""
"BRB","1986","","49.477","60.022875","","",""
"BRB","1987","","49.65275","60.469125","","",""
"BRB","1988","","50.5945","61.36625","","",""
"BRB","1989","","53.893375","62.747625","","",""
"BRB","1990","","53.839","60.3815","","",""
"BRB","1991","","50.55366666666667","58.53675","","",""
"BRB","1992","","45.408","59.26225","","",""
"BRB","1993","","","","","",""
"BRB","1994","","46.48075","60.418625000000006","","",""
"BRB","1995","","48.51825","60.784375","","",""
"BRB","1996","","51.09125","60.026375","","",""
"BRB","1997","","51.388000000000005","60.339875","","",""
"BRB","1998","","","","","",""
"BRB","1999","","","","","",""
"BRB","2000","9.347","","","","",""
"BRB","2001","9.85","","","","",""
"BRB","2002","10.32","","","","",""
"BRB","2003","10.997","54.619625","61.89175","","",""
"BRB","2004","","","62.666125","","",""
"BRB","2005","","","","","",""
"BRB","2006","","","","","",""
"BRB","2007","","","","","",""
"BRB","2008","","","","","",""
"BRB","2009","10.0","","55.68","","",""
"BRB","2010","10.7","","55.35999999999999","","",""
"BRB","2011","","60.0","61.3515","","",""
"BRB","2012","","58.5","60.074875","","",""
"BRB","2013","11.546","53.576125","61.095625","","",""
"BRB","2014","12.3","50.86475","58.52675","","",""
"BRB","2015","9.803","52.443375","58.515","","",""
"BRB","2016","8.247","54.551125","59.815000000000005","","",""
"BRB","2017","8.62","53.83475","59.297125","","",""
"BRB","2018","8.321","53.787625","59.028","","",""
"BRB","2019","8.41","52.660125","57.945125","","",""
"BRB","2020","","","","","",""
"BRB","2021","11.015","49.520625","56.024","","",""
"BRB","2022","7.261","54.29925","58.947","","",""
"BRB","2023","6.54","54.53625","58.639","","",""
"BRB","2024","","","","","",""
"BRB","2025","","","","","",""
"CHL","1952","","","54.476","","",""
"CHL","1960","","","49.247","","",""
"CHL","1961","","","","","",""
"CHL","1962","","","","","",""
"CHL","1963","","","","","",""
"CHL","1964","","","","","",""
"CHL","1965","","","","","",""
"CHL","1966","","","","","",""
"CHL","1967","","","","","",""
"CHL","1968","","","","","",""
"CHL","1969","","","","","",""
"CHL","1970","","","45.622","","",""
"CHL","1971","","","","","",""
"CHL","1972","","","","","",""
"CHL","1973","","","","","",""
"CHL","1974","","","","","",""
"CHL","1975","","","","","",""
"CHL","1976","","","","","",""
"CHL","1977","","","","","",""
"CHL","1978","","","","","",""
"CHL","1979","","","","","",""
"CHL","1980","","42.426","40.486428571428576","","",""
"CHL","1981","","42.538","43.298875","","",""
"CHL","1982","","37.93","42.430375","","",""
"CHL","1983","","36.59725","42.711375","","",""
"CHL","1984","","32.566375","37.6345","","",""
"CHL","1985","","","39.98175","","",""
"CHL","1986","","36.284","39.652","","",""
"CHL","1987","","","","","",""
"CHL","1988","","44.343625","47.28175","","",""
"CHL","1989","","45.1895","47.735875","","",""
"CHL","1990","","44.495000000000005","47.375125","","",""
"CHL","1991","","44.37875","47.255625","","",""
"CHL","1992","","45.9065","48.1785","","",""
"CHL","1993","","47.472625","49.965625","","",""
"CHL","1994","","46.629125","49.88","","",""
"CHL","1995","","46.237875","49.1375","","",""
"CHL","1996","","46.333625","49.19525","","",""
"CHL","1997","","","","","",""
"CHL","1998","","45.125375","50.107125","","",""
"CHL","1999","","","","","",""
"CHL","2000","10.399","44.726875","49.960125","","",""
"CHL","2001","","","","","",""
"CHL","2002","","","","","",""
"CHL","2003","9.7","46.18675","51.23275","","",""
"CHL","2004","","","","","",""
"CHL","2005","","","","","",""
"CHL","2006","7.402","48.227125","52.056375","","",""
"CHL","2007","","","","","",""
"CHL","2008","","","","","",""
"CHL","2009","10.341","45.602125","50.87525","","",""
"CHL","2010","8.547","50.106875","54.730625","","",""
"CHL","2011","7.492","51.995875","56.2055","","",""
"CHL","2012","6.79","52.546","56.365875","","",""
"CHL","2013","6.361","52.866","56.448625","","",""
"CHL","2014","6.761","52.98425","56.85175","","",""
"CHL","2015","6.605","53.270875","57.003375","","",""
"CHL","2016","6.7","53.12625","59.95","48.5","71.75","16.25"
"CHL","2017","7.0","53.516875","60.25","49.075","71.75","17.625"
"CHL","2018","7.2","53.46975","60.15","49.575","71.05","18.2"
"CHL","2019","7.2","53.3595","59.9","49.775","70.3","19.8"
"CHL","2020","11.35","45.271875","57.4","46.625","68.65","26.075"
"CHL","2021","9.225","46.933875","57.75","46.975","69.05","20.85"
"CHL","2022","8.175","49.73025","60.275","50.325","70.65","18.375"
"CHL","2023","8.875","50.515125","61.825","52.4","71.675","21.925"
"CHL","2024","8.866666666666667","51.436875","62.8","53.43333333333333","72.56666666666666","21.566666666666663"
"CHL","2025","8.894","51.542125","56.712375","","",""
"COL","1951","","","53.6175","","",""
"COL","1960","","","","","",""
"COL","1961","","","","","",""
"COL","1962","","","","","",""
"COL","1963","","","","","",""
"COL","1964","","","48.95928571428571","","",""
"COL","1965","","","","","",""
"COL","1966","","","","","",""
"COL","1967","","","","","",""
"COL","1968","","","","","",""
"COL","1969","","","","","",""
"COL","1970","","","","","",""
"COL","1971","","","","","",""
"COL","1972","","","","","",""
"COL","1973","","","47.38183333333333","","",""
"COL","1974","","","","","",""
"COL","1975","","","","","",""
"COL","1976","","","","","",""
"COL","1977","","","","","",""
"COL","1978","","","","","",""
"COL","1979","","","","","",""
"COL","1980","","18.163","47.499","","",""
"COL","1981","","","","","",""
"COL","1982","","","","","",""
"COL","1983","","","","","",""
"COL","1984","","","","","",""
"COL","1985","","","49.43","","",""
"COL","1986","","","33.5","","",""
"COL","1987","","","34.8","","",""
"COL","1988","","","","","",""
"COL","1989","","56.121","61.174","","",""
"COL","1990","","55.222","61.461","","",""
"COL","1991","","61.087","63.808","","",""
"COL","1992","","","64.12","","",""
"COL","1993","","65.809","71.281","","",""
"COL","1994","","","63.533","","",""
"COL","1995","","","","","",""
"COL","1996","","","","","",""
"COL","1997","","56.139","63.797","","",""
"COL","1998","","55.685","65.462","","",""
"COL","1999","","54.41","67.981","","",""
"COL","2000","20.523","51.542","64.851","","",""
"COL","2001","15.04","52.687125","61.710125000000005","","",""
"COL","2002","14.481","52.1455","60.71025","","",""
"COL","2003","13.221","53.5475","61.524375000000006","","",""
"COL","2004","12.736","52.696875","60.8215","","",""
"COL","2005","11.062","53.052","59.4855","","",""
"COL","2006","","","","","",""
"COL","2007","10.252","51.5095","57.2555","","",""
"COL","2008","10.52","51.797625","57.74325","","",""
"COL","2009","11.319","53.786625","60.521","","",""
"COL","2010","11.153","54.628375","61.36725","","",""
"COL","2011","10.288","55.645125","61.95325","","",""
"COL","2012","9.959","56.417375","62.56775","","",""
"COL","2013","9.246","56.172875","61.8085","","",""
"COL","2014","8.799","56.1925","61.572375","","",""
"COL","2015","8.572","56.431875","61.6635","","",""
"COL","2016","8.9","55.772625","69.125","57.925","81.025","18.075"
"COL","2017","9.1","55.343375","68.9","57.725","80.775","18.325"
"COL","2018","9.35","54.505875","68.4","56.95","80.55","19.25"
"COL","2019","10.2","53.017125","67.65","56.25","79.775","20.425"
"COL","2020","15.4","46.125125","62.875","50.45","76.05","26.45"
"COL","2021","13.85","50.73925","61.575","49.025","75.2","25.475"
"COL","2022","10.875","51.525625","63.375","51.325","76.425","21.525"
"COL","2023","9.825","52.727625","63.875","52.175","76.6","19.825"
"COL","2024","9.825","52.566500000000005","63.675","52.0","76.3","19.75"
"COL","2025","8.428","53.67725","58.617625","","",""
"CRI","1960","","","","","",""
"CRI","1961","","","","","",""
"CRI","1962","","","","","",""
"CRI","1963","","","50.865","","",""
"CRI","1964","","","","","",""
"CRI","1965","","","","","",""
"CRI","1966","","","","","",""
"CRI","1967","","","","","",""
"CRI","1968","","","","","",""
"CRI","1969","","","","","",""
"CRI","1970","","","","","",""
"CRI","1971","","","","","",""
"CRI","1972","","","","","",""
"CRI","1973","","","47.28875","","",""
"CRI","1974","","","","","",""
"CRI","1975","","","","","",""
"CRI","1976","","","","","",""
"CRI","1977","","","","","",""
"CRI","1978","","","","","",""
"CRI","1979","","","","","",""
"CRI","1980","","","","","",""
"CRI","1981","","","","","",""
"CRI","1982","","","","","",""
"CRI","1983","","","","","",""
"CRI","1984","","","46.275625000000005","","",""
"CRI","1985","","","","","",""
"CRI","1986","","","","","",""
"CRI","1987","","","","","",""
"CRI","1988","","","","","",""
"CRI","1989","","","","","",""
"CRI","1990","","","","","",""
"CRI","1991","","","","","",""
"CRI","1992","","","","","",""
"CRI","1993","","","","","",""
"CRI","1994","","","","","",""
"CRI","1995","","","","","",""
"CRI","1996","","","","","",""
"CRI","1997","","","","","",""
"CRI","1998","","","","","",""
"CRI","1999","","","","","",""
"CRI","2000","","","48.449375","","",""
"CRI","2001","6.051","50.849","54.07775","","",""
"CRI","2002","6.396","50.14725","53.496875","","",""
"CRI","2003","6.654","50.05225","53.654625","","",""
"CRI","2004","6.445","49.098","52.5355","","",""
"CRI","2005","6.749","51.305375","55.022875","","",""
"CRI","2006","5.926","51.335625","54.603125","","",""
"CRI","2007","4.557","52.92075","55.425125","","",""
"CRI","2008","4.934","52.198375","54.907875","","",""
"CRI","2009","7.824","50.143375","54.33825","","",""
"CRI","2010","7.171","49.136375","52.996875","","",""
"CRI","2011","9.518","49.913125","55.14425","","",""
"CRI","2012","9.11","53.689125","59.1075","","",""
"CRI","2013","8.218","53.6755","58.5","","",""
"CRI","2014","8.499","53.7885","58.85975","","",""
"CRI","2015","8.415","52.689875","57.553875","","",""
"CRI","2016","9.525","49.937125","58.375","44.275","72.32499999999999","23.1"
"CRI","2017","9.075","50.49475","58.825","44.55","72.95","22.65"
"CRI","2018","10.3","52.045625","60.65","46.875","74.325","26.7"
"CRI","2019","11.75","52.674125","62.525","50.575","74.375","31.875"
"CRI","2020","19.625","46.306","60.225","48.125","72.225","42.45"
"CRI","2021","16.45","47.858","60.275","48.675","71.825","39.35"
"CRI","2022","12.25","49.724375","59.85","48.4","71.27499999999999","30.950000000000003"
"CRI","2023","8.9","47.320375","55.4","42.275","68.4","24.825"
"CRI","2024","7.45","48.92775","56.525","44.575","68.4","21.175"
"CRI","2025","6.342","47.447625","50.8525","","",""
"CUB","1960","","","","","",""
"CUB","1961","","","","","",""
"CUB","1962","","","","","",""
"CUB","1963","","","","","",""
"CUB","1964","","","","","",""
"CUB","1965","","","","","",""
"CUB","1966","","","","","",""
"CUB","1967","","","","","",""
"CUB","1968","","","","","",""
"CUB","1969","","","","","",""
"CUB","1970","","","","","",""
"CUB","1971","","","","","",""
"CUB","1972","","","","","",""
"CUB","1973","","","","","",""
"CUB","1974","","","","","",""
"CUB","1975","","","","","",""
"CUB","1976","","","","","",""
"CUB","1977","","","","","",""
"CUB","1978","","","","","",""
"CUB","1979","","","","","",""
"CUB","1980","","","","","",""
"CUB","1981","","","","","",""
"CUB","1982","","","","","",""
"CUB","1983","","","","","",""
"CUB","1984","","","","","",""
"CUB","1985","","","","","",""
"CUB","1986","","","56.374","","",""
"CUB","1987","","","","","",""
"CUB","1988","","","56.934","","",""
"CUB","1989","","","","","",""
"CUB","1990","","","","","",""
"CUB","1991","","","","","",""
"CUB","1992","","","","","",""
"CUB","1993","","","","","",""
"CUB","1994","","","","","",""
"CUB","1995","","","","","",""
"CUB","1996","","","","","",""
"CUB","1997","","","","","",""
"CUB","1998","","","","","",""
"CUB","1999","","","","","",""
"CUB","2000","5.447","","","","",""
"CUB","2001","4.079","","","","",""
"CUB","2002","3.311","41.425375","42.7335","","",""
"CUB","2003","2.325","","","","",""
"CUB","2004","1.854","51.326","39.78675","","",""
"CUB","2005","1.95","","","","",""
"CUB","2006","1.913","51.855","41.1765","","",""
"CUB","2007","1.788","52.804","44.28528571428571","","",""
"CUB","2008","1.583","53.472","47.273","","",""
"CUB","2009","1.67","47.877875","48.69425","","",""
"CUB","2010","2.5","47.069875","48.315375","","",""
"CUB","2011","3.175","53.81","76.1","","",""
"CUB","2012","3.498","47.181375","48.893625","","",""
"CUB","2013","3.288","70.5","72.9","","",""
"CUB","2014","2.7","","","","",""
"CUB","2015","2.4","","","","",""
"CUB","2016","2.0","","","","",""
"CUB","2017","1.7","","","","",""
"CUB","2018","1.7","","","","",""
"CUB","2019","","","","","",""
"CUB","2020","","","","","",""
"CUB","2021","","","","","",""
"CUB","2022","","","","","",""
"CUB","2023","","","","","",""
"CUB","2024","","","","","",""
"CUB","2025","","","","","",""
"DOM","1960","","","48.90271428571429","","",""
"DOM","1961","","","","","",""
"DOM","1962","","","","","",""
"DOM","1963","","","","","",""
"DOM","1964","","","","","",""
"DOM","1965","","","","","",""
"DOM","1966","","","","","",""
"DOM","1967","","","","","",""
"DOM","1968","","","","","",""
"DOM","1969","","","","","",""
"DOM","1970","","","52.72128571428571","","",""
"DOM","1971","","","","","",""
"DOM","1972","","","","","",""
"DOM","1973","","","","","",""
"DOM","1974","","","","","",""
"DOM","1975","","","","","",""
"DOM","1976","","","","","",""
"DOM","1977","","","","","",""
"DOM","1978","","","","","",""
"DOM","1979","","","52.658","","",""
"DOM","1980","","","","","",""
"DOM","1981","","","54.06775","","",""
"DOM","1982","","","","","",""
"DOM","1983","","","","","",""
"DOM","1984","","","","","",""
"DOM","1985","","","","","",""
"DOM","1986","","","","","",""
"DOM","1987","","","","","",""
"DOM","1988","","","","","",""
"DOM","1989","","","","","",""
"DOM","1990","","","","","",""
"DOM","1991","","44.3","54.1","","",""
"DOM","1992","","46.6","57.3","","",""
"DOM","1993","","46.0","49.95625","","",""
"DOM","1994","","44.8","52.5","","",""
"DOM","1995","","43.7","","","",""
"DOM","1996","","52.77","57.31325","","",""
"DOM","1997","","","","","",""
"DOM","1998","","45.4","61.509625","","",""
"DOM","1999","","46.1","","","",""
"DOM","2000","6.432","50.358625","53.624375","","",""
"DOM","2001","7.262","48.979875","52.560500000000005","","",""
"DOM","2002","6.779","49.275","52.614","","",""
"DOM","2003","6.938","48.197","51.56125","","",""
"DOM","2004","6.303","49.086","52.162375","","",""
"DOM","2005","6.587","48.553","51.76825","","",""
"DOM","2006","5.654","49.84275","52.568375","","",""
"DOM","2007","5.158","49.731625","52.271875","","",""
"DOM","2008","4.764","49.9385","52.290375","","",""
"DOM","2009","5.467","48.148125","50.779625","","",""
"DOM","2010","5.212","49.54925","52.117250000000006","","",""
"DOM","2011","6.087","50.632","53.663625","","",""
"DOM","2012","6.722","51.302875","54.747","","",""
"DOM","2013","7.351","50.781375","54.54825","","",""
"DOM","2014","6.719","51.308375","54.72525","","",""
"DOM","2015","7.605","53.129875","57.227","","",""
"DOM","2016","7.575","53.901625","62.65","49.3","76.875","17.5"
"DOM","2017","6.025","54.65875","62.5","49.45","76.35","13.775"
"DOM","2018","6.2","55.68575","64.025","50.825","78.1","15.75"
"DOM","2019","6.5","56.860375","65.275","52.9","78.6","16.375"
"DOM","2020","6.375","52.6295","60.825","48.225","74.525","15.1"
"DOM","2021","7.925","54.173375","63.375","51.725","76.05","17.8"
"DOM","2022","5.6","55.5125","63.35","51.075","76.975","13.275"
"DOM","2023","5.475","56.396125","64.25","52.775","76.85","11.825"
"DOM","2024","5.366666666666667","57.562375","65.43333333333334","53.8","78.26666666666667","13.466666666666669"
"DOM","2025","5.166","58.46825","61.588375","","",""
"ECU","1960","","","","","",""
"ECU","1961","","","","","",""
"ECU","1962","","","53.62357142857143","","",""
"ECU","1963","","","","","",""
"ECU","1964","","","","","",""
"ECU","1965","","","","","",""
"ECU","1966","","","","","",""
"ECU","1967","","","","","",""
"ECU","1968","","","","","",""
"ECU","1969","","","","","",""
"ECU","1970","","","","","",""
"ECU","1971","","","","","",""
"ECU","1972","","","","","",""
"ECU","1973","","","","","",""
"ECU","1974","","","49.42314285714286","","",""
"ECU","1975","","","","","",""
"ECU","1976","","","","","",""
"ECU","1977","","","","","",""
"ECU","1978","","","","","",""
"ECU","1979","","","","","",""
"ECU","1980","","","55.187285714285714","","",""
"ECU","1981","","","54.95314285714286","","",""
"ECU","1982","","","47.00025","","",""
"ECU","1983","","","","","",""
"ECU","1984","","","","","",""
"ECU","1985","","","","","",""
"ECU","1986","","","","","",""
"ECU","1987","","","33.662","","",""
"ECU","1988","","","53.403","","",""
"ECU","1989","","","53.340875","","",""
"ECU","1990","","50.977875","52.33175","","",""
"ECU","1991","","","","","",""
"ECU","1992","","","","","",""
"ECU","1993","","","","","",""
"ECU","1994","","","","","",""
"ECU","1995","","","","","",""
"ECU","1996","","53.460125","59.1765","","",""
"ECU","1997","","54.26625","59.5075","","",""
"ECU","1998","","54.921875","61.426","","",""
"ECU","1999","","","","","",""
"ECU","2000","4.8","57.532125","60.23325","","",""
"ECU","2001","4.252","63.548375","66.149","","",""
"ECU","2002","7.168","61.857","61.764","","",""
"ECU","2003","5.662","58.676125","62.11675","","",""
"ECU","2004","5.002","61.311625","64.38325","","",""
"ECU","2005","3.779","61.760875","63.9685","","",""
"ECU","2006","3.55","62.89475","65.06524999999999","","",""
"ECU","2007","3.142","61.802125","63.69225","","",""
"ECU","2008","3.917","61.13875","63.501375","","",""
"ECU","2009","4.608","58.815","61.42925","","",""
"ECU","2010","4.088","57.49975","59.80375","","",""
"ECU","2011","3.458","57.019125","58.925625","","",""
"ECU","2012","3.235","57.679625","59.52125","","",""
"ECU","2013","2.913","57.5185","59.166625","","",""
"ECU","2014","3.279","57.22225","59.04475","","",""
"ECU","2015","3.419","59.977125","61.94525","","",""
"ECU","2016","6.275","61.349625","65.325","53.775","77.95","15.425"
"ECU","2017","5.225","62.3435","65.475","53.925","78.1","12.55"
"ECU","2018","4.800000000000001","61.251875000000005","63.900000000000006","52.0","76.65","12.0"
"ECU","2019","5.125","60.7085","63.0","51.275","75.57499999999999","12.8"
"ECU","2020","6.6","53.444875","60.25","49.3","72.0","13.35"
"ECU","2021","4.775","59.538625","65.85","54.125","78.1","9.325"
"ECU","2022","4.0","60.348125","66.125","54.775","78.0","8.6"
"ECU","2023","3.5","59.153125","65.0","53.175","77.375","7.375"
"ECU","2024","3.525","59.252","64.6","52.65","77.1","8.6"
"ECU","2025","3.232","59.133125","60.995000000000005","","",""
"GTM","1960","","","","","",""
"GTM","1961","","","","","",""
"GTM","1962","","","","","",""
"GTM","1963","","","","","",""
"GTM","1964","","","51.359375","","",""
"GTM","1965","","","","","",""
"GTM","1966","","","","","",""
"GTM","1967","","","","","",""
"GTM","1968","","","","","",""
"GTM","1969","","","","","",""
"GTM","1970","","","","","",""
"GTM","1971","","","","","",""
"GTM","1972","","","","","",""
"GTM","1973","","","48.564","","",""
"GTM","1974","","","","","",""
"GTM","1975","","","","","",""
"GTM","1976","","","","","",""
"GTM","1977","","","","","",""
"GTM","1978","","","46.614333333333335","","",""
"GTM","1979","","","47.88114285714286","","",""
"GTM","1980","","49.614","49.617","","",""
"GTM","1981","","","47.076125","","",""
"GTM","1982","","","","","",""
"GTM","1983","","","","","",""
"GTM","1984","","","","","",""
"GTM","1985","","51.297","48.0145","","",""
"GTM","1986","","","","","",""
"GTM","1987","","","55.334","","",""
"GTM","1988","","","","","",""
"GTM","1989","","","55.276","","",""
"GTM","1990","","","","","",""
"GTM","1991","","","","","",""
"GTM","1992","","","","","",""
"GTM","1993","","","","","",""
"GTM","1994","","","47.782875","","",""
"GTM","1995","","","","","",""
"GTM","1996","","","","","",""
"GTM","1997","","","","","",""
"GTM","1998","","","","","",""
"GTM","1999","","","43.64525","","",""
"GTM","2000","1.912","64.2","65.4","","",""
"GTM","2001","","","","","",""
"GTM","2002","2.254","63.261125","64.582875","","",""
"GTM","2003","2.807","62.98175","64.59025","","",""
"GTM","2004","2.971","59.063125","60.745375","","",""
"GTM","2005","","","","","",""
"GTM","2006","1.902","70.857","63.658","","",""
"GTM","2007","","","","","",""
"GTM","2008","","","","","",""
"GTM","2009","","","","","",""
"GTM","2010","3.497","56.238125","58.133625","","",""
"GTM","2011","4.126","56.32175","58.5065","","",""
"GTM","2012","2.765","60.397625","61.948875","","",""
"GTM","2013","3.017","55.7395","57.295","","",""
"GTM","2014","2.717","56.288875","57.692","","",""
"GTM","2015","2.506","56.314125","57.62275","","",""
"GTM","2016","2.583","56.12525","57.485625","","",""
"GTM","2017","2.462","56.944125","58.229375","","",""
"GTM","2018","2.283","56.528875","57.723625","","",""
"GTM","2019","2.193","55.032250000000005","56.165875","","",""
"GTM","2020","","","","","",""
"GTM","2021","2.174","58.52375","59.718625","","",""
"GTM","2022","3.051","55.48125","57.11825","","",""
"GTM","2023","2.344","63.59075","65.08737500000001","","",""
"GTM","2024","1.903","60.2575","61.39475","","",""
"GTM","2025","","","","","",""
"GUY","1960","","","31.183","","",""
"GUY","1961","","","","","",""
"GUY","1962","","","","","",""
"GUY","1963","","","","","",""
"GUY","1964","","","","","",""
"GUY","1965","","","","","",""
"GUY","1966","","","","","",""
"GUY","1967","","","","","",""
"GUY","1968","","","","","",""
"GUY","1969","","","","","",""
"GUY","1970","","","","","",""
"GUY","1971","","","","","",""
"GUY","1972","","","","","",""
"GUY","1973","","","","","",""
"GUY","1974","","","","","",""
"GUY","1975","","","","","",""
"GUY","1976","","","","","",""
"GUY","1977","","","","","",""
"GUY","1978","","","","","",""
"GUY","1979","","","","","",""
"GUY","1980","","","55.98214285714285","","",""
"GUY","1981","","","","","",""
"GUY","1982","","","","","",""
"GUY","1983","","","","","",""
"GUY","1984","","","","","",""
"GUY","1985","","","","","",""
"GUY","1986","","","","","",""
"GUY","1987","","51.46214285714286","58.74771428571429","","",""
"GUY","1988","","","","","",""
"GUY","1989","","","","","",""
"GUY","1990","","","","","",""
"GUY","1991","","","","","",""
"GUY","1992","","","","","",""
"GUY","1993","","","54.51925","","",""
"GUY","1994","","","","","",""
"GUY","1995","","","","","",""
"GUY","1996","","","","","",""
"GUY","1997","","","","","",""
"GUY","1998","","","","","",""
"GUY","1999","","","","","",""
"GUY","2000","","","","","",""
"GUY","2001","","","","","",""
"GUY","2002","11.814","43.8765","49.74025","","",""
"GUY","2003","","","","","",""
"GUY","2004","","","","","",""
"GUY","2005","","","","","",""
"GUY","2006","10.7","","","","",""
"GUY","2007","","","","","",""
"GUY","2008","","","","","",""
"GUY","2009","","","","","",""
"GUY","2010","","","","","",""
"GUY","2011","","","","","",""
"GUY","2012","","","","","",""
"GUY","2013","","","","","",""
"GUY","2014","","","","","",""
"GUY","2015","","","","","",""
"GUY","2016","","","","","",""
"GUY","2017","","","","","",""
"GUY","2018","13.627","43.525375","50.305375000000005","","",""
"GUY","2019","13.172","40.421875","46.48525","","",""
"GUY","2020","12.594","39.863375000000005","45.750875","","",""
"GUY","2021","14.738","39.806","46.6585","","",""
"GUY","2022","","","","","",""
"GUY","2023","","","","","",""
"GUY","2024","","","","","",""
"GUY","2025","","","","","",""
"HND","1960","","","","","",""
"HND","1961","","","30.136","","",""
"HND","1962","","","","","",""
"HND","1963","","","","","",""
"HND","1964","","","","","",""
"HND","1965","","","","","",""
"HND","1966","","","","","",""
"HND","1967","","","","","",""
"HND","1968","","","","","",""
"HND","1969","","","","","",""
"HND","1970","","","","","",""
"HND","1971","","","","","",""
"HND","1972","","","","","",""
"HND","1973","","","","","",""
"HND","1974","","","48.18271428571428","","",""
"HND","1975","","","","","",""
"HND","1976","","","","","",""
"HND","1977","","","","","",""
"HND","1978","","","","","",""
"HND","1979","","","","","",""
"HND","1980","","","","","",""
"HND","1981","","","","","",""
"HND","1982","","","","","",""
"HND","1983","","","","","",""
"HND","1984","","","","","",""
"HND","1985","","","","","",""
"HND","1986","","","","","",""
"HND","1987","","48.556","54.8","","",""
"HND","1988","","","","","",""
"HND","1989","","","","","",""
"HND","1990","","","","","",""
"HND","1991","","57.502","57.935","","",""
"HND","1992","","58.954","60.814","","",""
"HND","1993","","","","","",""
"HND","1994","","","","","",""
"HND","1995","","60.423","59.447","","",""
"HND","1996","","63.045","62.778","","",""
"HND","1997","","64.328","63.227","","",""
"HND","1998","","64.174","63.799","","",""
"HND","1999","","67.43","63.066375","","",""
"HND","2000","","","64.385","","",""
"HND","2001","4.0","61.548","59.279375","","",""
"HND","2002","4.019","57.8","60.1","","",""
"HND","2003","5.302","57.6","","","",""
"HND","2004","5.986","58.338","59.588","","",""
"HND","2005","4.909","56.80725","59.364625","","",""
"HND","2006","3.574","55.693375","57.51725","","",""
"HND","2007","3.211","55.122625","56.73025","","",""
"HND","2008","3.156","55.654125","57.2735","","",""
"HND","2009","3.292","57.122875","58.822875","","",""
"HND","2010","4.119","57.482375","59.709125","","",""
"HND","2011","4.474","55.3355","57.63725","","",""
"HND","2012","3.755","54.39025","56.277875","","",""
"HND","2013","5.646","57.27075","60.27575","","",""
"HND","2014","7.078","57.32475","61.173125","","",""
"HND","2015","6.147","57.88075","61.289375","","",""
"HND","2016","6.727","56.4745","60.26225","","",""
"HND","2017","5.528","58.74525","61.869875","","",""
"HND","2018","5.648","60.37925","63.741375000000005","","",""
"HND","2019","5.698","57.031875","60.1335","","",""
"HND","2020","10.982","50.579125","56.644625","","",""
"HND","2021","8.506","52.301375","57.078125","","",""
"HND","2022","8.774","50.183375","54.78325","","",""
"HND","2023","6.07","50.13","53.242125","","",""
"HND","2024","4.91","50.586875","53.124875","","",""
"HND","2025","4.851","52.273125","54.821375","","",""
"HTI","1950","","","85.85328571428572","","",""
"HTI","1960","","","","","",""
"HTI","1961","","","","","",""
"HTI","1962","","","","","",""
"HTI","1963","","","","","",""
"HTI","1964","","","","","",""
"HTI","1965","","","","","",""
"HTI","1966","","","","","",""
"HTI","1967","","","","","",""
"HTI","1968","","","","","",""
"HTI","1969","","","","","",""
"HTI","1970","","","","","",""
"HTI","1971","","","76.23885714285714","","",""
"HTI","1972","","","","","",""
"HTI","1973","","","","","",""
"HTI","1974","","","","","",""
"HTI","1975","","","","","",""
"HTI","1976","","","","","",""
"HTI","1977","","","","","",""
"HTI","1978","","","","","",""
"HTI","1979","","","","","",""
"HTI","1980","","58.273","55.074375","","",""
"HTI","1981","","","","","",""
"HTI","1982","","","63.468250000000005","","",""
"HTI","1983","","","","","",""
"HTI","1984","","","","","",""
"HTI","1985","","","53.310875","","",""
"HTI","1986","","","","","",""
"HTI","1987","","","","","",""
"HTI","1988","","","","","",""
"HTI","1989","","","","","",""
"HTI","1990","","58.34425","51.735625","","",""
"HTI","1991","","","","","",""
"HTI","1992","","","","","",""
"HTI","1993","","","","","",""
"HTI","1994","","","","","",""
"HTI","1995","","","50.734875","","",""
"HTI","1996","","","","","",""
"HTI","1997","","","","","",""
"HTI","1998","","","","","",""
"HTI","1999","","","","","",""
"HTI","2000","","","50.122375","","",""
"HTI","2001","","","","","",""
"HTI","2002","","","","","",""
"HTI","2003","25.438","36.338875","48.55","","",""
"HTI","2004","","","","","",""
"HTI","2005","","","51.611","","",""
"HTI","2006","","","","","",""
"HTI","2007","16.8","","47.7","","",""
"HTI","2008","","","","","",""
"HTI","2009","","","","","",""
"HTI","2010","","","65.621","","",""
"HTI","2011","","","","","",""
"HTI","2012","14.1","55.977","56.9","","",""
"HTI","2013","","","","","",""
"HTI","2014","","","","","",""
"HTI","2015","","","","","",""
"HTI","2016","","","","","",""
"HTI","2017","","","","","",""
"HTI","2018","","","","","",""
"HTI","2019","","","","","",""
"HTI","2020","","","","","",""
"HTI","2021","","","","","",""
"HTI","2022","","","","","",""
"HTI","2023","","","","","",""
"HTI","2024","","","","","",""
"HTI","2025","","","","","",""
"JAM","1960","","","68.709","","",""
"JAM","1961","","","","","",""
"JAM","1962","","","","","",""
"JAM","1963","","","","","",""
"JAM","1964","","","","","",""
"JAM","1965","","","","","",""
"JAM","1966","","","","","",""
"JAM","1967","","","","","",""
"JAM","1968","","","","","",""
"JAM","1969","","","","","",""
"JAM","1970","","","52.17614285714286","","",""
"JAM","1971","","","","","",""
"JAM","1972","","","","","",""
"JAM","1973","","","","","",""
"JAM","1974","","55.356","66.20685714285715","","",""
"JAM","1975","","55.26","68.32742857142857","","",""
"JAM","1976","","53.95528571428572","67.83285714285714","","",""
"JAM","1977","","","","","",""
"JAM","1978","","54.08671428571428","69.41314285714286","","",""
"JAM","1979","","","","","",""
"JAM","1980","","42.337","54.09685714285714","","",""
"JAM","1981","","53.75714285714286","70.08471428571428","","",""
"JAM","1982","","53.21942857142857","70.91228571428572","","",""
"JAM","1983","","","","","",""
"JAM","1984","","","","","",""
"JAM","1985","","43.23685714285714","53.38814285714286","","",""
"JAM","1986","","","","","",""
"JAM","1987","","","","","",""
"JAM","1988","","49.53071428571428","57.16314285714285","","",""
"JAM","1989","","","","","",""
"JAM","1990","","56.90885714285714","66.00857142857143","","",""
"JAM","1991","","","49.067125","","",""
"JAM","1992","","","","","",""
"JAM","1993","","","","","",""
"JAM","1994","","55.75557142857143","64.77785714285714","","",""
"JAM","1995","","57.828","69.0","","",""
"JAM","1996","","56.914","67.8","","",""
"JAM","1997","","56.135","66.6","","",""
"JAM","1998","","52.64457142857143","61.10257142857143","","",""
"JAM","1999","","53.99","64.5","","",""
"JAM","2000","15.539","","","","",""
"JAM","2001","14.989","53.679","62.9","","",""
"JAM","2002","14.19","","63.7","","",""
"JAM","2003","11.736","51.661","57.800714285714285","","",""
"JAM","2004","11.442","52.537","58.76285714285714","","",""
"JAM","2005","11.263","","","","",""
"JAM","2006","10.325","","","","",""
"JAM","2007","9.745","58.9","65.1","","",""
"JAM","2008","6.666","55.853875","59.668125","","",""
"JAM","2009","7.314","53.865875","57.875625","","",""
"JAM","2010","7.63","51.986","56.0125","","",""
"JAM","2011","8.034","51.39275","55.648125","","",""
"JAM","2012","8.695","51.0235","55.590625","","",""
"JAM","2013","9.698","51.136","56.297","","",""
"JAM","2014","9.046","52.039125","56.86225","","",""
"JAM","2015","","","","","",""
"JAM","2016","8.634","53.985875","58.7355","","",""
"JAM","2017","7.399","55.25575","59.40025","","",""
"JAM","2018","5.47","55.827625","58.901875","","",""
"JAM","2019","4.987","57.2415","60.07825","","",""
"JAM","2020","6.501","54.538625","58.10925","","",""
"JAM","2021","5.188","55.806375","58.67525","","",""
"JAM","2022","4.083","58.1155","60.467125","","",""
"JAM","2023","3.022","60.45725","62.2215","","",""
"JAM","2024","","","","","",""
"JAM","2025","","","","","",""
"MEX","1960","","","56.74016666666667","","",""
"MEX","1961","","","","","",""
"MEX","1962","","","","","",""
"MEX","1963","","","","","",""
"MEX","1964","","","","","",""
"MEX","1965","","","","","",""
"MEX","1966","","","","","",""
"MEX","1967","","","","","",""
"MEX","1968","","","","","",""
"MEX","1969","","","","","",""
"MEX","1970","","","47.652875","","",""
"MEX","1971","","","","","",""
"MEX","1972","","","","","",""
"MEX","1973","","","","","",""
"MEX","1974","","","","","",""
"MEX","1975","","","27.596","","",""
"MEX","1976","","","","","",""
"MEX","1977","","","","","",""
"MEX","1978","","","47.54528571428571","","",""
"MEX","1979","","","47.69571428571429","","",""
"MEX","1980","","","53.8855","","",""
"MEX","1981","","","","","",""
"MEX","1982","","","","","",""
"MEX","1983","","","","","",""
"MEX","1984","","","","","",""
"MEX","1985","","","","","",""
"MEX","1986","","","","","",""
"MEX","1987","","","","","",""
"MEX","1988","","","55.524625","","",""
"MEX","1989","","","","","",""
"MEX","1990","","","44.1365","","",""
"MEX","1991","","","","","",""
"MEX","1992","","","","","",""
"MEX","1993","","","","","",""
"MEX","1994","","","","","",""
"MEX","1995","","","","","",""
"MEX","1996","","","","","",""
"MEX","1997","","","","","",""
"MEX","1998","","","","","",""
"MEX","1999","","","","","",""
"MEX","2000","","","","","",""
"MEX","2001","2.757","55.703","57.282","","",""
"MEX","2002","3.003","52.41725","53.951875","","",""
"MEX","2003","3.455","52.5145","54.293","","",""
"MEX","2004","3.937","52.6135","54.6615","","",""
"MEX","2005","3.558","53.104375000000005","54.9935","","",""
"MEX","2006","3.566","53.840625","55.75875","","",""
"MEX","2007","3.628","53.6605","55.613125","","",""
"MEX","2008","3.874","53.303625","55.3855","","",""
"MEX","2009","5.356","52.4185","55.275","","",""
"MEX","2010","5.303","52.29475","55.12025","","",""
"MEX","2011","5.175","52.382000000000005","55.146375","","",""
"MEX","2012","4.892","53.13725","55.792125","","",""
"MEX","2013","4.921","52.946875","55.604125","","",""
"MEX","2014","4.819","52.588375","55.17125","","",""
"MEX","2015","4.311","52.911125","55.22725","","",""
"MEX","2016","3.925","52.99125","59.775","43.525","77.775","7.825"
"MEX","2017","3.475","52.935375","59.425","43.075","77.65","6.975"
"MEX","2018","3.325","53.242125","59.65","43.575","77.475","7.0"
"MEX","2019","3.55","53.687875","60.2","44.775","77.25","7.3"
"MEX","2020","4.433333333333334","49.218875","57.73333333333333","42.6","74.5","8.166666666666666"
"MEX","2021","4.175","52.81625","58.875","43.675","75.75","8.0"
"MEX","2022","3.325","54.281375","59.8","45.05","76.35","6.625"
"MEX","2023","2.825","55.174875","60.45","46.275","76.375","6.0"
"MEX","2024","2.7666666666666666","55.034625","60.23333333333333","46.2","76.2","6.066666666666666"
"MEX","2025","2.542","54.3415","55.742","","",""
"NIC","1960","","","","","",""
"NIC","1961","","","","","",""
"NIC","1962","","","","","",""
"NIC","1963","","","52.419","","",""
"NIC","1964","","","","","",""
"NIC","1965","","","","","",""
"NIC","1966","","","","","",""
"NIC","1967","","","","","",""
"NIC","1968","","","","","",""
"NIC","1969","","","","","",""
"NIC","1970","","","","","",""
"NIC","1971","","","45.437","","",""
"NIC","1972","","","","","",""
"NIC","1973","","","","","",""
"NIC","1974","","","","","",""
"NIC","1975","","","","","",""
"NIC","1976","","","","","",""
"NIC","1977","","","53.6296","","",""
"NIC","1978","","","","","",""
"NIC","1979","","","","","",""
"NIC","1980","","","31.96","","",""
"NIC","1981","","","","","",""
"NIC","1982","","","","","",""
"NIC","1983","","","","","",""
"NIC","1984","","","","","",""
"NIC","1985","","","","","",""
"NIC","1986","","","","","",""
"NIC","1987","","","","","",""
"NIC","1988","","","","","",""
"NIC","1989","","51.69675","56.353","","",""
"NIC","1990","","55.364","55.02083333333333","","",""
"NIC","1991","","","","","",""
"NIC","1992","","","","","",""
"NIC","1993","","","","","",""
"NIC","1994","","","","","",""
"NIC","1995","","","55.1375","","",""
"NIC","1996","","52.389","55.615375","","",""
"NIC","1997","","","","","",""
"NIC","1998","","55.01","53.6735","","",""
"NIC","1999","","57.145","55.74466666666667","","",""
"NIC","2000","9.817","","61.5","","",""
"NIC","2001","4.12","51.3","57.470875","","",""
"NIC","2002","","50.0","","","",""
"NIC","2003","7.595","58.5","61.7","","",""
"NIC","2004","6.409","59.576","61.0","","",""
"NIC","2005","5.372","60.531","61.1","","",""
"NIC","2006","5.313","54.381875","56.6295","","",""
"NIC","2007","4.891","57.968","59.0","","",""
"NIC","2008","6.2","","60.4","","",""
"NIC","2009","8.157","47.56","51.8","","",""
"NIC","2010","7.828","68.087","73.869","","",""
"NIC","2011","","","","","",""
"NIC","2012","5.208","69.8105","73.297375","","",""
"NIC","2013","5.276","71.717","75.712","","",""
"NIC","2014","4.52","58.425","60.9435","","",""
"NIC","2015","4.7","","","","",""
"NIC","2016","3.9","","","","",""
"NIC","2017","3.3","","","","",""
"NIC","2018","5.2","","","","",""
"NIC","2019","","","","","",""
"NIC","2020","","","","","",""
"NIC","2021","","","","","",""
"NIC","2022","","","","","",""
"NIC","2023","","","","","",""
"NIC","2024","","","","","",""
"NIC","2025","","","","","",""
"PAN","1950","","","55.0765","","",""
"PAN","1960","","","51.81771428571429","","",""
"PAN","1961","","","","","",""
"PAN","1962","","","","","",""
"PAN","1963","","","","","",""
"PAN","1964","","","","","",""
"PAN","1965","","","","","",""
"PAN","1966","","","","","",""
"PAN","1967","","","","","",""
"PAN","1968","","","","","",""
"PAN","1969","","","","","",""
"PAN","1970","","","53.33942857142857","","",""
"PAN","1971","","","","","",""
"PAN","1972","","","","","",""
"PAN","1973","","","","","",""
"PAN","1974","","","","","",""
"PAN","1975","","","","","",""
"PAN","1976","","","","","",""
"PAN","1977","","","","","",""
"PAN","1978","","","","","",""
"PAN","1979","","52.544","55.297","","",""
"PAN","1980","","","49.19714285714286","","",""
"PAN","1981","","","","","",""
"PAN","1982","","","","","",""
"PAN","1983","","50.631","53.0395","","",""
"PAN","1984","","50.412","53.35575","","",""
"PAN","1985","","49.888","54.1615","","",""
"PAN","1986","","49.721","52.92575","","",""
"PAN","1987","","","","","",""
"PAN","1988","","47.635","54.6045","","",""
"PAN","1989","","48.532","55.65525","","",""
"PAN","1990","","45.888","51.953","","",""
"PAN","1991","","47.775","55.10325","","",""
"PAN","1992","","51.4","","","",""
"PAN","1993","","52.351","58.2065","","",""
"PAN","1994","","52.163","58.25225","","",""
"PAN","1995","","53.092","59.044","","",""
"PAN","1996","","","","","",""
"PAN","1997","","53.26","58.7265","","",""
"PAN","1998","","54.205","56.57671428571429","","",""
"PAN","1999","","54.042","58.12685714285714","","",""
"PAN","2000","13.525","51.8","58.8","","",""
"PAN","2001","14.708","52.0","57.4","","",""
"PAN","2002","14.108","53.83","58.8955","","",""
"PAN","2003","13.619","54.22","59.014375","","",""
"PAN","2004","12.441","55.734","59.672","","",""
"PAN","2005","10.327","56.738","59.928875000000005","","",""
"PAN","2006","9.111","56.636","59.2365","","",""
"PAN","2007","6.783","57.958","59.387","","",""
"PAN","2008","","60.3","61.3635","","",""
"PAN","2009","5.105","52.993","52.4246","","",""
"PAN","2010","5.832","54.52125","57.781875","","",""
"PAN","2011","3.922","53.746375","55.953625","","",""
"PAN","2012","3.714","55.823125","57.95275","","",""
"PAN","2013","3.732","56.778","58.9575","","",""
"PAN","2014","4.444","56.3125","58.852250000000005","","",""
"PAN","2015","4.402","56.216375","58.695875","","",""
"PAN","2016","4.843","56.59925","59.36525","","",""
"PAN","2017","5.461","55.993125","59.135125","","",""
"PAN","2018","5.313","57.527","60.636875","","",""
"PAN","2019","6.409","57.93675","61.8325","","",""
"PAN","2020","18.548","47.505875","58.00325","","",""
"PAN","2021","10.293","50.042375","55.732375","","",""
"PAN","2022","8.281","54.7025","59.475875","","",""
"PAN","2023","6.678","54.20425","57.993375","","",""
"PAN","2024","8.607","54.16325","59.166125","","",""
"PAN","2025","8.306","54.213375","58.996625","","",""
"PER","1960","","","","","",""
"PER","1961","","","52.183625","","",""
"PER","1962","","","","","",""
"PER","1963","","","","","",""
"PER","1964","","","","","",""
"PER","1965","","","","","",""
"PER","1966","","","","","",""
"PER","1967","","","","","",""
"PER","1968","","","","","",""
"PER","1969","","","","","",""
"PER","1970","","","","","",""
"PER","1971","","","","","",""
"PER","1972","","","47.72","","",""
"PER","1973","","","","","",""
"PER","1974","","","","","",""
"PER","1975","","","","","",""
"PER","1976","","","","","",""
"PER","1977","","","","","",""
"PER","1978","","","","","",""
"PER","1979","","51.297","37.09285714285714","","",""
"PER","1980","","51.078","37.023857142857146","","",""
"PER","1981","","51.235","50.296375","","",""
"PER","1982","","51.158","36.94428571428571","","",""
"PER","1983","","","","","",""
"PER","1984","","","50.140125","","",""
"PER","1985","","29.355","33.281","","",""
"PER","1986","","30.751","56.367","","",""
"PER","1987","","","52.94728571428571","","",""
"PER","1988","","","33.899","","",""
"PER","1989","","","55.9485","","",""
"PER","1990","","56.3","61.5","","",""
"PER","1991","","54.4","51.631","","",""
"PER","1992","","53.3","58.9","","",""
"PER","1993","","55.3","47.3418","","",""
"PER","1994","","55.7","54.735875","","",""
"PER","1995","","59.3","56.9735","","",""
"PER","1996","","","","","",""
"PER","1997","","68.127875","71.606875","","",""
"PER","1998","","66.363625","69.755125","","",""
"PER","1999","","65.98475","68.89625","","",""
"PER","2000","4.069","65.731375","68.4835","","",""
"PER","2001","4.848","63.998375","67.220375","","",""
"PER","2002","4.84","70.50375","74.00475","","",""
"PER","2003","4.151","64.413","67.14325","","",""
"PER","2004","4.707","68.6155","71.79175","","",""
"PER","2005","4.866","65.97125","69.224125","","",""
"PER","2006","4.172","69.27875","72.15975","","",""
"PER","2007","4.078","71.235625","74.182375","","",""
"PER","2008","4.025","71.46549999999999","74.3815","","",""
"PER","2009","3.964","71.92462499999999","74.837875","","",""
"PER","2010","3.595","72.990875","75.65412500000001","","",""
"PER","2011","3.477","72.40837499999999","74.964375","","",""
"PER","2012","3.238","72.439375","74.778375","","",""
"PER","2013","3.575","71.3915","73.926875","","",""
"PER","2014","3.208","71.21175","73.482625","","",""
"PER","2015","3.272","70.209","72.524","","",""
"PER","2016","3.741","69.165125","71.80125","","",""
"PER","2017","3.691","70.763375","73.441375","","",""
"PER","2018","3.492","71.106875","73.61475","","",""
"PER","2019","3.379","71.6145","74.0755","","",""
"PER","2020","7.179","61.062625","65.53987500000001","","",""
"PER","2021","5.097","65.128875","68.543375","","",""
"PER","2022","4.003","67.77675","70.594375","","",""
"PER","2023","4.569","65.87112499999999","68.981","","",""
"PER","2024","4.858","65.644125","68.9995","","",""
"PER","2025","4.319","65.280875","68.2595","","",""
"PRY","1960","","","","","",""
"PRY","1961","","","","","",""
"PRY","1962","","","57.059","","",""
"PRY","1963","","","","","",""
"PRY","1964","","","","","",""
"PRY","1965","","","","","",""
"PRY","1966","","","","","",""
"PRY","1967","","","","","",""
"PRY","1968","","","","","",""
"PRY","1969","","","","","",""
"PRY","1970","","","","","",""
"PRY","1971","","","","","",""
"PRY","1972","","","52.33125","","",""
"PRY","1973","","","","","",""
"PRY","1974","","","","","",""
"PRY","1975","","","","","",""
"PRY","1976","","","","","",""
"PRY","1977","","","","","",""
"PRY","1978","","","","","",""
"PRY","1979","","","","","",""
"PRY","1980","","","","","",""
"PRY","1981","","","","","",""
"PRY","1982","","","52.141","","",""
"PRY","1983","","","","","",""
"PRY","1984","","","","","",""
"PRY","1985","","","","","",""
"PRY","1986","","","","","",""
"PRY","1987","","","","","",""
"PRY","1988","","","","","",""
"PRY","1989","","","62.6165","","",""
"PRY","1990","","","59.99400000000001","","",""
"PRY","1991","","","58.238625","","",""
"PRY","1992","","","59.36375","","",""
"PRY","1993","","62.76539999999999","61.575125","","",""
"PRY","1994","","66.56666666666666","62.28975","","",""
"PRY","1995","","","76.9","","",""
"PRY","1996","","57.8","71.2","","",""
"PRY","1997","","","","","",""
"PRY","1998","","60.351625","62.881875","","",""
"PRY","1999","","58.783125","62.010875","","",""
"PRY","2000","7.607","","69.1","","",""
"PRY","2001","6.206","60.702625","64.482625","","",""
"PRY","2002","9.393","59.12075","64.8655","","",""
"PRY","2003","6.814","59.591375","63.726625","","",""
"PRY","2004","6.513","63.349375","67.444875","","",""
"PRY","2005","4.825","63.44225","66.41275","","",""
"PRY","2006","5.277","59.88875","62.9575","","",""
"PRY","2007","4.713","62.119875","65.033625","","",""
"PRY","2008","4.415","62.436","65.15412500000001","","",""
"PRY","2009","5.46","62.656875","66.08612500000001","","",""
"PRY","2010","4.569","60.828","63.690625","","",""
"PRY","2011","4.67","60.97825","63.886375","","",""
"PRY","2012","4.085","64.868625","67.468","","",""
"PRY","2013","4.385","62.758625","65.517","","",""
"PRY","2014","5.034","60.82175000000001","63.882875","","",""
"PRY","2015","4.556","61.109125","63.943625","","",""
"PRY","2016","5.255","62.192125","65.49499999999999","","",""
"PRY","2017","5.4","62.58725","70.45","57.55","83.55","12.75"
"PRY","2018","5.425","63.31375","71.25","58.8","83.9","12.7"
"PRY","2019","5.75","63.578","71.75","59.55","84.3","13.35"
"PRY","2020","7.1","60.73275","69.8","56.9","83.1","16.125"
"PRY","2021","6.75","62.450625","71.5","59.425","83.9","14.95"
"PRY","2022","6.025","61.466125","69.15","57.575","81.425","13.525"
"PRY","2023","5.275","62.262375","69.9","58.3","82.15","12.325"
"PRY","2024","5.566666666666666","62.06025","69.53333333333333","58.16666666666666","81.63333333333333","13.633333333333333"
"PRY","2025","4.634","64.0745","67.204875","","",""
"SLV","1960","","","","","",""
"SLV","1961","","","52.05571428571429","","",""
"SLV","1962","","","","","",""
"SLV","1963","","","","","",""
"SLV","1964","","","","","",""
"SLV","1965","","","","","",""
"SLV","1966","","","","","",""
"SLV","1967","","","","","",""
"SLV","1968","","","","","",""
"SLV","1969","","","","","",""
"SLV","1970","","","","","",""
"SLV","1971","","","53.63214285714286","","",""
"SLV","1972","","","","","",""
"SLV","1973","","","","","",""
"SLV","1974","","","","","",""
"SLV","1975","","","31.456","","",""
"SLV","1976","","","","","",""
"SLV","1977","","","","","",""
"SLV","1978","","","52.73683333333334","","",""
"SLV","1979","","","55.21185714285714","","",""
"SLV","1980","","","55.686","","",""
"SLV","1981","","","","","",""
"SLV","1982","","","","","",""
"SLV","1983","","","","","",""
"SLV","1984","","","","","",""
"SLV","1985","","","","","",""
"SLV","1986","","","","","",""
"SLV","1987","","","","","",""
"SLV","1988","","","","","",""
"SLV","1989","","","","","",""
"SLV","1990","","","59.42775","","",""
"SLV","1991","","","57.791375","","",""
"SLV","1992","","48.591","56.759125","","",""
"SLV","1993","","","57.3085","","",""
"SLV","1994","","","57.837125","","",""
"SLV","1995","","48.4","56.74125","","",""
"SLV","1996","","51.1895","54.93125","","",""
"SLV","1997","","50.9345","55.110125","","",""
"SLV","1998","","53.116375","57.024375","","",""
"SLV","1999","","52.98275","56.4645","","",""
"SLV","2000","6.96","55.9","60.0","","",""
"SLV","2001","6.96","56.0","60.3","","",""
"SLV","2002","6.2","51.635625000000005","54.65025","","",""
"SLV","2003","6.9","52.85625","56.484125","","",""
"SLV","2004","6.8","52.1165","55.47","","",""
"SLV","2005","6.961","55.4","59.7","","",""
"SLV","2006","6.505","52.370375","56.08475","","",""
"SLV","2007","6.406","53.0855","56.816","","",""
"SLV","2008","5.884","59.019","62.708","","",""
"SLV","2009","7.332","54.3505","58.685","","",""
"SLV","2010","4.893","54.4795","57.152625","","",""
"SLV","2011","4.297","54.740875","57.044","","",""
"SLV","2012","3.843","55.758","57.901875","","",""
"SLV","2013","3.693","56.274375","58.330375","","",""
"SLV","2014","4.154","54.665875","56.933375","","",""
"SLV","2015","3.998","54.127500000000005","56.298625","","",""
"SLV","2016","4.625","54.232875","59.5","45.65","75.975","9.85"
"SLV","2017","4.6","53.836125","59.3","44.975","76.275","10.025"
"SLV","2018","4.2","53.6725","58.95","44.8","75.625","9.7"
"SLV","2019","4.425","54.4925","59.9","45.625","76.9","10.1"
"SLV","2020","4.933333333333334","52.495375","58.63333333333333","44.06666666666667","75.8","10.733333333333334"
"SLV","2021","4.425","53.0495","59.65","45.425","76.95","10.125"
"SLV","2022","3.1","54.476","60.575","46.425","77.875","8.05"
"SLV","2023","3.05","55.928125","61.9","48.5","78.275","7.275"
"SLV","2024","2.707","54.343125","55.852375","","",""
"SLV","2025","","","","","",""
"SUR","1960","","","","","",""
"SUR","1961","","","","","",""
"SUR","1962","","","","","",""
"SUR","1963","","","","","",""
"SUR","1964","","","39.1995","","",""
"SUR","1965","","","","","",""
"SUR","1966","","","","","",""
"SUR","1967","","","","","",""
"SUR","1968","","","","","",""
"SUR","1969","","","","","",""
"SUR","1970","","","","","",""
"SUR","1971","","","","","",""
"SUR","1972","","","","","",""
"SUR","1973","","","","","",""
"SUR","1974","","","","","",""
"SUR","1975","","","","","",""
"SUR","1976","","","","","",""
"SUR","1977","","","","","",""
"SUR","1978","","","","","",""
"SUR","1979","","","","","",""
"SUR","1980","","","34.349875000000004","","",""
"SUR","1981","","","","","",""
"SUR","1982","","","","","",""
"SUR","1983","","","","","",""
"SUR","1984","","","","","",""
"SUR","1985","","","","","",""
"SUR","1986","","","","","",""
"SUR","1987","","42.938","53.357","","",""
"SUR","1988","","","","","",""
"SUR","1989","","38.733","45.844","","",""
"SUR","1990","","46.705","55.55","","",""
"SUR","1991","","","","","",""
"SUR","1992","","43.481","52.38","","",""
"SUR","1993","","44.881","49.318","","",""
"SUR","1994","","42.718","48.775","","",""
"SUR","1995","","43.70916666666667","39.6925","","",""
"SUR","1996","","","","","",""
"SUR","1997","","","","","",""
"SUR","1998","","","","","",""
"SUR","1999","","35.2544","43.31557142857143","","",""
"SUR","2000","","","","","",""
"SUR","2001","","","","","",""
"SUR","2002","","","","","",""
"SUR","2003","","","","","",""
"SUR","2004","9.487","","","","",""
"SUR","2005","","","","","",""
"SUR","2006","","","","","",""
"SUR","2007","","","","","",""
"SUR","2008","","","","","",""
"SUR","2009","8.711","52.82957142857143","57.91814285714285","","",""
"SUR","2010","7.154","53.45185714285714","57.486","","",""
"SUR","2011","7.545","52.60757142857143","57.03842857142857","","",""
"SUR","2012","8.1","51.98771428571429","56.594","","",""
"SUR","2013","6.602","52.82485714285714","56.78257142857143","","",""
"SUR","2014","6.945","53.99785714285714","58.04071428571429","","",""
"SUR","2015","7.222","51.047714285714285","54.91828571428572","","",""
"SUR","2016","7.917","45.285","49.44125","","",""
"SUR","2017","","","","","",""
"SUR","2018","","","","","",""
"SUR","2019","","","","","",""
"SUR","2020","","","","","",""
"SUR","2021","","","","","",""
"SUR","2022","","","","","",""
"SUR","2023","","","","","",""
"SUR","2024","","","","","",""
"SUR","2025","","","","","",""
"TTO","1946","","","38.68","","",""
"TTO","1960","","","58.056","","",""
"TTO","1961","","","","","",""
"TTO","1962","","","","","",""
"TTO","1963","","","","","",""
"TTO","1964","","","","","",""
"TTO","1965","","","","","",""
"TTO","1966","","","","","",""
"TTO","1967","","","","","",""
"TTO","1968","","","","","",""
"TTO","1969","","","","","",""
"TTO","1970","","","46.83728571428571","","",""
"TTO","1971","","31.146","34.499","","",""
"TTO","1972","","","","","",""
"TTO","1973","","","","","",""
"TTO","1974","","31.603","36.954","","",""
"TTO","1975","","","","","",""
"TTO","1976","","","","","",""
"TTO","1977","","","","","",""
"TTO","1978","","34.237","38.757","","",""
"TTO","1979","","53.039","54.70142857142857","","",""
"TTO","1980","","","48.21025","","",""
"TTO","1981","","53.679","54.071","","",""
"TTO","1982","","","","","",""
"TTO","1983","","53.182","53.72571428571429","","",""
"TTO","1984","","","","","",""
"TTO","1985","","48.1432","53.486","","",""
"TTO","1986","","45.8158","52.61028571428572","","",""
"TTO","1987","","37.533166666666666","49.65183333333333","","",""
"TTO","1988","","40.722375","51.952875000000006","","",""
"TTO","1989","","39.78925","50.75225","","",""
"TTO","1990","","39.784875","49.48325","","",""
"TTO","1991","","41.1005","50.314","","",""
"TTO","1992","","48.3","60.1","","",""
"TTO","1993","","41.197375","51.149125","","",""
"TTO","1994","","48.5","59.4","","",""
"TTO","1995","","43.51325","52.575875","","",""
"TTO","1996","","44.22175","52.785375","","",""
"TTO","1997","","51.3","60.3","","",""
"TTO","1998","","45.672125","53.253875","","",""
"TTO","1999","","46.089375","53.084","","",""
"TTO","2000","12.096","47.243375","53.76325","","",""
"TTO","2001","","","60.7","","",""
"TTO","2002","10.389","47.697","53.2435","","",""
"TTO","2003","","","61.6","","",""
"TTO","2004","","","63.0","","",""
"TTO","2005","7.951","51.58425","56.194375","","",""
"TTO","2006","6.268","52.8445","56.45375","","",""
"TTO","2007","5.544","52.727375","55.954","","",""
"TTO","2008","4.627","53.108125","55.781625","","",""
"TTO","2009","5.28","52.0715","54.987","","",""
"TTO","2010","4.033","51.448625","53.71975","","",""
"TTO","2011","3.425","50.719125","52.6145","","",""
"TTO","2012","3.718","51.55225","53.629","","",""
"TTO","2013","2.683","51.98775","53.4675","","",""
"TTO","2014","2.477","52.619375","53.98","","",""
"TTO","2015","2.428","51.715250000000005","53.0485","","",""
"TTO","2016","3.207","50.355125","52.10825","","",""
"TTO","2017","","","","","",""
"TTO","2018","","","","","",""
"TTO","2019","3.523","48.5565","50.453125","","",""
"TTO","2020","4.206","46.653625","48.837","","",""
"TTO","2021","4.446","45.56475","47.848625","","",""
"TTO","2022","4.383","46.306875","48.506375","","",""
"TTO","2023","3.361","47.880125","49.585125","","",""
"TTO","2024","4.006","46.819375","48.8865","","",""
"TTO","2025","","","","","",""
"URY","1960","","","","","",""
"URY","1961","","","","","",""
"URY","1962","","","","","",""
"URY","1963","","","46.45966666666666","","",""
"URY","1964","","","","","",""
"URY","1965","","","","","",""
"URY","1966","","","","","",""
"URY","1967","","","","","",""
"URY","1968","","","","","",""
"URY","1969","","","","","",""
"URY","1970","","","","","",""
"URY","1971","","","","","",""
"URY","1972","","","","","",""
"URY","1973","","","","","",""
"URY","1974","","","","","",""
"URY","1975","","","46.680166666666665","","",""
"URY","1976","","","","","",""
"URY","1977","","","","","",""
"URY","1978","","","","","",""
"URY","1979","","","","","",""
"URY","1980","","","","","",""
"URY","1981","","","","","",""
"URY","1982","","","","","",""
"URY","1983","","","","","",""
"URY","1984","","45.790333333333336","44.828375","","",""
"URY","1985","","","45.8695","","",""
"URY","1986","","","","","",""
"URY","1987","","","","","",""
"URY","1988","","","","","",""
"URY","1989","","","","","",""
"URY","1990","","37.62533333333334","38.1155","","",""
"URY","1991","","47.911","46.51375","","",""
"URY","1992","","48.137875","48.0085","","",""
"URY","1993","","47.6285","47.373000000000005","","",""
"URY","1994","","48.6225","48.912","","",""
"URY","1995","","49.123375","50.135125","","",""
"URY","1996","","49.381","55.619875","","",""
"URY","1997","","","","","",""
"URY","1998","","50.679","56.24325","","",""
"URY","1999","","49.08075","55.17425","","",""
"URY","2000","12.627","48.248375","55.61125","","",""
"URY","2001","15.052","48.174375","57.150125","","",""
"URY","2002","16.648","45.9525","55.60325","","",""
"URY","2003","16.661","45.25025","54.783625","","",""
"URY","2004","12.98","47.764","55.298125","","",""
"URY","2005","12.009","48.583625","55.537625","","",""
"URY","2006","10.844","51.137","57.72825","","",""
"URY","2007","9.403","53.650875","59.5395","","",""
"URY","2008","8.025","54.798625","59.880875","","",""
"URY","2009","7.74","55.572","60.486875","","",""
"URY","2010","7.158","55.468375","60.002125","","",""
"URY","2011","6.307","57.18625","61.266375","","",""
"URY","2012","6.451","56.444375","60.524625","","",""
"URY","2013","6.444","55.90425","59.996875","","",""
"URY","2014","6.547","56.74575","60.954375","","",""
"URY","2015","7.488","55.302125","60.0365","","",""
"URY","2016","7.824999999999999","54.756125","64.6","56.35","73.7","23.8"
"URY","2017","7.95","54.134625","64.075","56.125","72.825","24.9"
"URY","2018","8.35","53.541","63.7","56.0","72.1","26.05"
"URY","2019","8.925","52.92675","63.325","55.85","71.5","27.975"
"URY","2020","10.35","49.721125","61.625","54.7","69.17500000000001","33.1"
"URY","2021","9.325","51.756","62.425","55.725","69.75","30.575"
"URY","2022","8.275","52.79775","62.2","55.425","69.575","27.075"
"URY","2023","9.475","53.939875","63.575","56.9","70.8","30.275"
"URY","2024","9.75","54.89825","62.900000000000006","56.1","70.25","30.45"
"URY","2025","","","","","",""
"VEN","1960","","","","","",""
"VEN","1961","","","52.17275","","",""
"VEN","1962","","","","","",""
"VEN","1963","","","","","",""
"VEN","1964","","","","","",""
"VEN","1965","","","","","",""
"VEN","1966","","","","","",""
"VEN","1967","","","","","",""
"VEN","1968","","","","","",""
"VEN","1969","","","","","",""
"VEN","1970","","","","","",""
"VEN","1971","","","47.49375","","",""
"VEN","1972","","","","","",""
"VEN","1973","","","","","",""
"VEN","1974","","","","","",""
"VEN","1975","","31.561","31.13","","",""
"VEN","1976","","","","","",""
"VEN","1977","","52.379","48.581833333333336","","",""
"VEN","1978","","","","","",""
"VEN","1979","","51.922","48.31433333333334","","",""
"VEN","1980","","","","","",""
"VEN","1981","","50.962","47.7815","","",""
"VEN","1982","","50.086","32.96216666666667","","",""
"VEN","1983","","47.937","32.68516666666667","","",""
"VEN","1984","","48.252","55.856","","",""
"VEN","1985","","49.081","56.017","","",""
"VEN","1986","","49.567","56.099","","",""
"VEN","1987","","50.72","56.309","","",""
"VEN","1988","","52.557","57.23","","",""
"VEN","1989","","51.675","58.337","","",""
"VEN","1990","","46.339666666666666","59.054","","",""
"VEN","1991","","","60.155","","",""
"VEN","1992","","","59.429","","",""
"VEN","1993","","","57.871","","",""
"VEN","1994","","53.538","59.143","","",""
"VEN","1995","","55.31","61.618","","",""
"VEN","1996","","55.1","62.9","","",""
"VEN","1997","","","64.451","","",""
"VEN","1998","","58.2","65.4","","",""
"VEN","1999","","","","","",""
"VEN","2000","","","","","",""
"VEN","2001","8.83","45.001375","67.578","","",""
"VEN","2002","16.171","57.979","69.162","","",""
"VEN","2003","16.779","","","","",""
"VEN","2004","","","","","",""
"VEN","2005","10.663","52.451375","58.524625","","",""
"VEN","2006","8.606","54.138125","59.032","","",""
"VEN","2007","7.279","54.450875","58.561375","","",""
"VEN","2008","6.245","54.91175","58.435125","","",""
"VEN","2009","6.097","54.815625","58.240625","","",""
"VEN","2010","7.112","53.882","57.847125","","",""
"VEN","2011","6.902","53.74675","57.571375","","",""
"VEN","2012","6.601","53.35725","56.99","","",""
"VEN","2013","","","","","",""
"VEN","2014","","","","","",""
"VEN","2015","","","","","",""
"VEN","2016","5.319","52.03475","54.885375","","",""
"VEN","2017","5.045","57.908","60.900125","","",""
"VEN","2018","","","","","",""
"VEN","2019","","","","","",""
"VEN","2020","7.526","49.504","54.01625","","",""
"VEN","2021","","","","","",""
"VEN","2022","","","","","",""
"VEN","2023","","","","","",""
"VEN","2024","","","","","",""
"VEN","2025","","","","","",""
